id,first_name,last_name,email,gender,ip_address,country,price_paid,tax
1,Monique,Caldaro,mcaldaro0@dot.gov,Female,162.151.214.246,Ukraine,12.99,US
2,Leigh,Martensen,lmartensen1@accuweather.com,Male,66.128.123.92,Iran,5.49,IT
3,Julianne,Lindstrom,jlindstrom2@yale.edu,Female,214.195.22.61,Argentina,24.99,DE
4,Kissee,Levitt,klevitt3@shareasale.com,Female,67.49.26.158,Mexico,3.79,IT
5,Nadia,Anthoine,nanthoine4@pbs.org,Female,67.102.139.96,Chile,49.99,DE
6,Flinn,Leward,fleward5@cbc.ca,Bigender,201.6.219.199,China,5.99,DE
7,Pincus,Bottell,pbottell6@umich.edu,Male,99.43.46.194,Palestinian Territory,59.99,US
8,Gil,Blissitt,gblissitt7@deviantart.com,Male,180.21.101.150,China,39.99,IT
9,Nicolas,Readshaw,nreadshaw8@furl.net,Male,91.84.185.5,Cameroon,9.99,US
10,Evania,Ubank,eubank9@springer.com,Female,238.117.252.238,China,5.99,DE
11,Yvon,Nucci,ynuccia@flavors.me,Genderfluid,120.56.150.26,Armenia,49.99,US
12,Samson,Cockill,scockillb@topsy.com,Male,10.241.137.33,Russia,39.99,US
13,Jerad,Bossons,jbossonsc@xrea.com,Male,123.87.179.118,China,45,US
14,Gerik,Fowden,gfowdend@edublogs.org,Genderfluid,136.249.196.166,Peru,18.99,US
15,Gaston,Mangon,gmangone@mapy.cz,Male,5.171.216.190,Nepal,79.99,FR
16,Louie,Torre,ltorref@simplemachines.org,Male,255.57.29.59,Palestinian Territory,5.49,US
17,Linnet,Spain-Gower,lspaingowerg@google.cn,Female,182.201.157.160,Haiti,8.49,LU
18,Basilio,Leggin,blegginh@google.cn,Male,164.121.174.161,Bangladesh,19.99,US
19,Clotilda,Gorcke,cgorckei@last.fm,Female,33.226.33.24,China,4.99,MT
20,Natal,MacMorland,nmacmorlandj@ucla.edu,Male,182.128.102.229,Micronesia,24.99,US
21,Troy,Kagan,tkagank@ask.com,Male,106.225.91.228,Russia,1.99,PT
22,Nathaniel,Dikelin,ndikelinl@dyndns.org,Male,212.243.115.228,Cameroon,129.99,BE
23,Rosie,Renzini,rrenzinim@abc.net.au,Female,216.91.241.154,Estonia,24.99,US
24,Suzanna,Proffitt,sproffittn@prnewswire.com,Female,52.25.180.218,China,8.99,US
25,Lew,Purtell,lpurtello@elegantthemes.com,Male,148.204.94.141,Kazakhstan,12.99,IE
26,Leupold,Bandy,lbandyp@foxnews.com,Male,235.98.213.155,Brazil,15.99,US
27,Lennie,Petrosian,lpetrosianq@hexun.com,Male,251.58.182.103,Indonesia,5.49,GR
28,Morgen,Lewnden,mlewndenr@psu.edu,Male,205.204.249.177,Indonesia,24.99,US
29,Myles,Mann,mmanns@sina.com.cn,Male,94.93.165.41,South Africa,3.49,FR
30,Desmond,Veld,dveldt@simplemachines.org,Male,192.183.146.38,Indonesia,4.99,FR
31,Phip,Frisch,pfrischu@printfriendly.com,Male,172.176.123.92,Indonesia,0.89,US
32,Nicoli,Mandell,nmandellv@friendfeed.com,Female,179.150.63.48,China,49.99,US
33,Kelci,Dike,kdikew@umn.edu,Female,163.255.42.123,United States,3.49,DE
34,Osmond,Pere,operex@nature.com,Male,94.22.90.91,South Africa,4.49,US
35,Bessy,Spriggin,bsprigginy@hc360.com,Female,204.137.16.58,China,199.99,US
36,Claresta,Sivil,csivilz@wikia.com,Female,83.210.232.148,South Africa,3.99,US
37,Scott,MacKimmie,smackimmie10@chronoengine.com,Male,178.185.90.240,Indonesia,2.29,FR
38,Jessee,Baszkiewicz,jbaszkiewicz11@weebly.com,Male,30.152.236.211,Indonesia,3.49,BE
39,Angelle,Di Biagio,adibiagio12@ed.gov,Female,174.196.219.149,United States,19.99,IE
40,Corena,Gadsdon,cgadsdon13@wikispaces.com,Female,98.43.71.211,Poland,16.99,AT
41,Barbaraanne,Likly,blikly14@dedecms.com,Bigender,2.149.204.254,Indonesia,4.99,US
42,Charity,Sharply,csharply15@chronoengine.com,Female,44.241.109.200,Pakistan,8.99,US
43,Tuckie,Glidder,tglidder16@shutterfly.com,Male,103.139.215.13,Cameroon,12.99,US
44,Ailee,Mazonowicz,amazonowicz17@loc.gov,Polygender,150.169.214.6,Japan,12.99,US
45,Flem,Hulburd,fhulburd18@slashdot.org,Male,115.22.195.89,France,12.99,IT
46,Dulcy,Opdenort,dopdenort19@smh.com.au,Female,104.4.253.99,Russia,5.99,PT
47,Brittney,Mothersole,bmothersole1a@europa.eu,Female,51.213.27.243,Czech Republic,39.99,DE
48,Etienne,Cremin,ecremin1b@biglobe.ne.jp,Male,113.157.238.30,Saudi Arabia,7.99,US
49,Arnoldo,Goroni,agoroni1c@google.es,Male,227.84.211.64,Russia,5.49,US
50,Eilis,Endrighi,eendrighi1d@jugem.jp,Female,124.39.240.105,Russia,14.99,FR
51,Hastie,Abethell,habethell1e@cdbaby.com,Male,121.176.34.54,Portugal,59.99,US
52,Ransom,Jaffra,rjaffra1f@fc2.com,Male,149.255.163.103,China,14.99,DE
53,Dwight,Cullrford,dcullrford1g@liveinternet.ru,Male,25.225.60.244,Faroe Islands,4.49,IT
54,Rice,Wesker,rwesker1h@blogspot.com,Male,47.187.87.145,Moldova,15.99,DE
55,Costa,Brunesco,cbrunesco1i@soup.io,Bigender,87.150.193.44,United States,2.99,DE
56,Daisi,Antowski,dantowski1j@vimeo.com,Female,228.150.84.66,China,2.99,DE
57,Randee,Greeding,rgreeding1k@smh.com.au,Agender,224.178.90.88,Tanzania,3.49,US
58,Trula,Crystal,tcrystal1l@foxnews.com,Female,164.253.201.35,China,39.99,AT
59,Davy,Pedroli,dpedroli1m@deliciousdays.com,Male,171.6.48.73,Philippines,19.99,AT
60,Kassey,Aldrin,kaldrin1n@disqus.com,Non-binary,93.222.45.136,China,9.99,IT
61,Vincenz,Stuchbery,vstuchbery1o@google.co.jp,Genderfluid,196.242.65.161,Slovenia,39.99,IT
62,Tobie,Godly,tgodly1p@about.com,Male,104.80.8.164,Russia,4.19,DE
63,Wynn,Van der Brugge,wvanderbrugge1q@com.com,Male,84.51.113.245,France,1.79,IT
64,Eldon,Haws,ehaws1r@google.ru,Male,211.239.147.9,France,19.99,BE
65,Abrahan,Bierman,abierman1s@hugedomains.com,Male,54.122.203.134,Canada,6.99,IT
66,Leyla,Haslin,lhaslin1t@vistaprint.com,Female,194.79.169.47,Portugal,29.99,DE
67,Henri,Alderwick,halderwick1u@uol.com.br,Male,211.118.224.103,China,44.99,DE
68,Filip,Dinsdale,fdinsdale1v@businessinsider.com,Male,168.188.218.218,United States,2.99,IT
69,Christiane,Baverstock,cbaverstock1w@joomla.org,Female,109.72.129.34,Vietnam,249.99,DE
70,Bellina,Pass,bpass1x@cnet.com,Non-binary,154.56.157.250,Peru,29.99,DE
71,Collen,Boffin,cboffin1y@mac.com,Non-binary,82.159.231.150,Albania,4.49,US
72,Pippo,Witchalls,pwitchalls1z@cmu.edu,Male,30.203.123.168,United States,5.99,US
73,Shari,Terrell,sterrell20@wikia.com,Female,42.42.27.254,Colombia,9.99,US
74,Lyndell,Vivash,lvivash21@skyrock.com,Female,104.138.114.254,Portugal,3.49,NL
75,Salmon,Martinets,smartinets22@cbc.ca,Male,11.239.119.144,Russia,34.99,DE
76,Dicky,Lambrook,dlambrook23@thetimes.co.uk,Male,54.82.203.157,Kazakhstan,2.59,US
77,Randall,Glasspoole,rglasspoole24@pinterest.com,Male,87.219.194.22,Portugal,2.29,AT
78,Sully,Cullingford,scullingford25@miibeian.gov.cn,Genderqueer,190.221.252.77,United States,12.99,DE
79,Enrica,Heibel,eheibel26@hud.gov,Female,173.42.67.218,Indonesia,24.99,US
80,Willetta,Abriani,wabriani27@soup.io,Female,212.113.227.187,Vietnam,4.49,US
81,Pammie,Willoughby,pwilloughby28@cnn.com,Female,65.74.162.12,Czech Republic,2.99,DE
82,Arabela,Willcocks,awillcocks29@biblegateway.com,Female,207.218.72.189,Japan,15.99,US
83,Tod,Riquet,triquet2a@weather.com,Male,89.63.134.79,Poland,39.99,DE
84,Norry,Ende,nende2b@vinaora.com,Male,165.249.24.247,Poland,16.99,IE
85,Niles,Oby,noby2c@imgur.com,Male,68.149.234.115,Ukraine,24.99,US
86,Stacy,Couling,scouling2d@prnewswire.com,Female,248.174.103.20,Sweden,199.99,DE
87,Shellysheldon,Minard,sminard2e@usda.gov,Male,215.168.240.120,Argentina,24.99,US
88,Helga,Srutton,hsrutton2f@ftc.gov,Female,189.102.61.43,Nepal,5.49,NL
89,See,Whitley,swhitley2g@smh.com.au,Male,192.251.14.171,Philippines,3.99,US
90,Aurie,Lestrange,alestrange2h@spotify.com,Female,49.98.65.43,China,5.99,AT
91,Pren,Beddard,pbeddard2i@nps.gov,Male,250.139.201.209,China,14.99,US
92,Lonna,Glas,lglas2j@constantcontact.com,Female,199.127.42.30,Iran,1.99,FR
93,Dennie,Gallatly,dgallatly2k@ning.com,Female,174.177.123.84,Serbia,8.99,US
94,Elden,Drohun,edrohun2l@netscape.com,Male,93.78.167.89,China,6.99,US
95,Smith,Chaney,schaney2m@usnews.com,Male,75.35.90.57,China,4.29,FR
96,Casper,Keri,ckeri2n@xing.com,Male,246.162.212.144,China,3.99,FR
97,Glenn,Brennan,gbrennan2o@gravatar.com,Female,153.81.146.124,Croatia,3.49,IT
98,Vanda,Aspital,vaspital2p@msu.edu,Female,117.175.246.250,Myanmar,3.19,US
99,Hughie,Bilbrook,hbilbrook2q@pinterest.com,Male,84.207.23.130,South Korea,29.99,FR
100,Quincey,Whenham,qwhenham2r@istockphoto.com,Bigender,165.233.74.81,Russia,3.29,US
101,Rahal,Longfoot,rlongfoot2s@slideshare.net,Female,17.172.145.57,Germany,2.99,US
102,Ardyce,Baumber,abaumber2t@bravesites.com,Female,169.40.103.62,Brazil,19.99,US
103,Leanor,Rawstorn,lrawstorn2u@redcross.org,Female,152.111.210.16,Serbia,3.89,US
104,Jennifer,Renfree,jrenfree2v@1688.com,Female,40.109.41.232,Latvia,45.99,US
105,Henryetta,Addinall,haddinall2w@aol.com,Female,199.55.29.19,Japan,8.49,US
106,Desmund,Dyche,ddyche2x@geocities.jp,Male,13.136.4.193,Russia,12.99,US
107,Elihu,Clapp,eclapp2y@deviantart.com,Male,209.37.104.47,Bangladesh,99.99,US
108,Brandon,Liddard,bliddard2z@infoseek.co.jp,Male,235.224.183.114,Israel,4.29,US
109,Kelci,Mazella,kmazella30@biblegateway.com,Female,237.56.155.1,Russia,24.99,IT
110,Hanan,Aveyard,haveyard31@mashable.com,Genderqueer,195.82.29.94,South Africa,109.99,US
111,Luke,Goncaves,lgoncaves32@gizmodo.com,Male,5.53.183.255,Indonesia,69.99,IT
112,Tallou,Carman,tcarman33@opensource.org,Polygender,7.83.35.229,Aland Islands,3.49,US
113,Juline,Densumbe,jdensumbe34@vkontakte.ru,Female,130.252.7.47,Honduras,4.99,FR
114,Greg,Bogey,gbogey35@ehow.com,Male,19.38.114.83,Egypt,3.29,US
115,Maritsa,Artin,martin36@exblog.jp,Female,91.254.16.226,United States,4.29,DE
116,Binky,Kuzma,bkuzma37@ehow.com,Genderqueer,159.75.197.249,China,2.49,DE
117,Elayne,Pawellek,epawellek38@cbsnews.com,Female,68.115.199.241,Croatia,12.99,ES
118,Gerald,Passmore,gpassmore39@ucoz.com,Male,144.67.224.106,Indonesia,299.99,DE
119,Ardath,Olifard,aolifard3a@unc.edu,Female,229.204.236.14,Brazil,2.79,FR
120,Penelope,Sedman,psedman3b@si.edu,Female,38.43.198.151,United States,2.49,BE
121,Emalee,Smalley,esmalley3c@marriott.com,Female,194.49.105.122,China,3.49,US
122,Jessa,Allsobrook,jallsobrook3d@facebook.com,Female,240.183.10.19,Mexico,24.99,US
123,Lyndy,Dabs,ldabs3e@si.edu,Female,234.156.9.162,Philippines,54.99,US
124,Bryana,Peat,bpeat3f@imgur.com,Female,244.140.103.58,Nigeria,39.99,US
125,Alaine,Farrens,afarrens3g@wikimedia.org,Female,73.254.86.102,Sweden,17.99,US
126,Godard,Iozefovich,giozefovich3h@livejournal.com,Male,242.63.224.159,Finland,5.99,DE
127,Jermayne,Glencros,jglencros3i@nationalgeographic.com,Male,59.130.184.108,Russia,79.99,IE
128,Janine,Mc Andrew,jmcandrew3j@cocolog-nifty.com,Female,202.190.71.119,Ghana,99.99,US
129,Paola,Oakenford,poakenford3k@surveymonkey.com,Female,24.66.41.38,Czech Republic,22,US
130,Emile,Galland,egalland3l@ft.com,Male,61.44.203.0,Cuba,29.99,FR
131,Pieter,Hardcastle,phardcastle3m@bizjournals.com,Male,235.97.171.78,France,3.79,DE
132,Denver,Ralphs,dralphs3n@acquirethisname.com,Male,213.60.97.222,Brazil,3.99,US
133,Giorgi,Dennis,gdennis3o@homestead.com,Male,83.88.160.115,China,29.99,DE
134,Maje,Lavin,mlavin3p@google.co.uk,Male,206.109.133.169,Ivory Coast,22.99,US
135,Harp,Drinnan,hdrinnan3q@about.me,Male,45.40.59.205,Argentina,9.99,MT
136,Cirstoforo,Chill,cchill3r@bloglovin.com,Male,225.145.2.69,Dominican Republic,79.99,FR
137,Karleen,Rabbage,krabbage3s@ftc.gov,Female,1.226.3.221,Colombia,6.49,US
138,Julian,Filipiak,jfilipiak3t@ning.com,Male,138.92.212.128,China,54.99,US
139,Carri,Choldcroft,ccholdcroft3u@prnewswire.com,Genderqueer,114.9.248.239,Latvia,2.49,BE
140,Waylon,Haseman,whaseman3v@miibeian.gov.cn,Male,20.107.21.213,Armenia,10.99,IT
141,Daryl,Chue,dchue3w@ask.com,Female,22.98.184.195,Poland,39.99,US
142,Tommie,D'Enrico,tdenrico3x@paginegialle.it,Male,36.171.97.67,Poland,29.99,US
143,Zola,Flinn,zflinn3y@fotki.com,Bigender,164.184.70.86,France,4.79,US
144,Rik,Hammarberg,rhammarberg3z@360.cn,Male,190.0.247.223,China,2.49,DE
145,Dilan,Reignould,dreignould40@indiatimes.com,Male,168.160.37.73,Indonesia,29.99,PT
146,Jdavie,Treadaway,jtreadaway41@hc360.com,Male,251.222.42.131,Italy,22.99,US
147,Brande,Piper,bpiper42@alexa.com,Female,30.40.57.11,China,7.99,US
148,Domenic,Reinbeck,dreinbeck43@mozilla.org,Male,71.75.55.119,China,18.99,DE
149,Cate,Chastand,cchastand44@wordpress.org,Polygender,113.235.232.83,Czech Republic,19.99,DE
150,Waldon,Canizares,wcanizares45@google.co.jp,Male,48.135.163.63,Philippines,24.99,US
151,Dahlia,Goddman,dgoddman46@imgur.com,Female,28.245.108.125,Poland,3.99,US
152,Hunfredo,Alforde,halforde47@illinois.edu,Male,114.208.122.239,China,5.99,DE
153,Wallis,Maharry,wmaharry48@barnesandnoble.com,Female,13.136.243.193,Thailand,3.99,IT
154,Cinda,Demare,cdemare49@ed.gov,Female,171.72.14.124,Morocco,2.29,US
155,Addi,Clewes,aclewes4a@webeden.co.uk,Female,108.114.90.29,Philippines,99.99,DE
156,Nydia,Sills,nsills4b@bing.com,Female,187.96.54.79,Indonesia,2.49,IT
157,Brandy,Cantillon,bcantillon4c@mashable.com,Bigender,128.38.137.225,Bolivia,3.49,US
158,Caril,Itzhaki,citzhaki4d@google.co.jp,Female,96.18.29.221,Czech Republic,22.99,US
159,Stephan,Visick,svisick4e@cbsnews.com,Male,154.153.169.212,Brazil,5.49,US
160,Jolie,Gateshill,jgateshill4f@skyrock.com,Female,61.105.135.42,China,19.99,US
161,Denver,Graveston,dgraveston4g@princeton.edu,Male,206.202.227.184,Ireland,39.99,US
162,Petey,Laurant,plaurant4h@ucoz.com,Genderfluid,80.191.14.62,Syria,4.99,US
163,Vassili,Lillo,vlillo4i@over-blog.com,Male,126.173.141.175,Russia,4.29,IT
164,Bianka,Glanders,bglanders4j@abc.net.au,Female,122.7.169.192,China,34.99,US
165,Prentice,Bullivent,pbullivent4k@fema.gov,Male,151.177.252.50,Peru,34.99,IT
166,Matthew,Girdwood,mgirdwood4l@bloomberg.com,Genderqueer,136.206.112.240,Nigeria,24.99,AT
167,Teodoor,Aristide,taristide4m@sina.com.cn,Male,186.165.80.160,China,14.99,DE
168,Anatol,Shaxby,ashaxby4n@aboutads.info,Male,232.135.214.58,Thailand,59.99,US
169,Kristi,Fawks,kfawks4o@epa.gov,Female,201.200.18.253,Indonesia,24.99,US
170,Chancey,Lindup,clindup4p@marriott.com,Male,217.142.150.30,China,29.99,US
171,Renado,Solland,rsolland4q@booking.com,Male,4.219.155.195,Afghanistan,99.99,US
172,Lorenza,Lyddon,llyddon4r@shinystat.com,Female,234.219.199.118,Portugal,22.99,US
173,Doy,Gapper,dgapper4s@dailymotion.com,Male,90.95.36.38,Poland,24.99,IT
174,Prescott,Askey,paskey4t@g.co,Male,42.94.74.68,United States,22.99,US
175,Hashim,Matissoff,hmatissoff4u@last.fm,Male,226.244.221.118,China,22,DE
176,Fraser,Sarfas,fsarfas4v@amazon.co.jp,Male,55.197.202.102,China,2.49,PL
177,Gaby,Sivess,gsivess4w@booking.com,Male,78.140.59.126,Indonesia,5.49,AT
178,Ashby,Coventon,acoventon4x@deliciousdays.com,Male,75.166.47.167,Argentina,4.99,IT
179,Wally,Burdass,wburdass4y@soup.io,Female,150.85.1.110,Russia,6.49,US
180,Joscelin,Byars,jbyars4z@photobucket.com,Female,79.180.201.247,Moldova,2.69,IT
181,Patrice,Busch,pbusch50@umn.edu,Bigender,92.137.87.107,Togo,3.99,US
182,Thor,Jeeves,tjeeves51@typepad.com,Male,103.109.98.98,Brazil,3.49,IT
183,Julie,Duligall,jduligall52@marriott.com,Male,66.148.242.141,Ukraine,4.99,US
184,Kingsley,Trime,ktrime53@tamu.edu,Male,241.178.117.189,France,29.99,US
185,Toby,Whitters,twhitters54@microsoft.com,Female,38.34.168.53,Portugal,29.99,FR
186,Leena,Boliver,lboliver55@smugmug.com,Genderqueer,62.238.18.47,Poland,2.29,IT
187,Nigel,Cookney,ncookney56@google.com.au,Male,207.221.17.221,Sweden,2.49,HU
188,Tanitansy,Cooksley,tcooksley57@bbc.co.uk,Female,16.84.94.244,China,199.99,US
189,Syd,McGilvra,smcgilvra58@accuweather.com,Male,12.213.211.16,South Korea,19.99,US
190,Nicholas,Wilkins,nwilkins59@spiegel.de,Male,38.207.226.69,South Africa,19.99,AT
191,Cristy,Sabater,csabater5a@51.la,Female,201.1.199.135,Portugal,34.99,US
192,Caspar,Dorrington,cdorrington5b@yolasite.com,Male,69.91.5.153,Indonesia,14.99,IE
193,Geordie,Karolowski,gkarolowski5c@mayoclinic.com,Male,99.129.27.187,Belarus,34.99,US
194,Aaron,Coultard,acoultard5d@whitehouse.gov,Male,215.19.249.58,China,39.99,US
195,Loise,MacAne,lmacane5e@mayoclinic.com,Female,132.240.99.23,Mexico,1.99,US
196,Ingaberg,Botterill,ibotterill5f@hatena.ne.jp,Female,129.140.133.102,Cuba,5.99,FR
197,Carline,Conant,cconant5g@pbs.org,Female,190.84.145.19,Panama,14.99,DE
198,Ambur,Roebottom,aroebottom5h@nifty.com,Female,7.239.83.210,Mexico,6.49,LU
199,Codie,Silverstone,csilverstone5i@wsj.com,Non-binary,91.179.114.35,China,35.99,IT
200,Lida,Latch,llatch5j@artisteer.com,Female,246.233.126.27,France,29.99,DE
201,Roderic,Lowater,rlowater5k@trellian.com,Male,117.43.99.114,Indonesia,1.99,DK
202,Bobine,Willimott,bwillimott5l@sina.com.cn,Bigender,162.163.212.119,Russia,49.99,DE
203,Ambrosi,Kunzelmann,akunzelmann5m@epa.gov,Non-binary,100.103.179.75,Bangladesh,3.29,ES
204,Jenilee,Keeley,jkeeley5n@mashable.com,Female,217.182.241.168,Netherlands,3.29,US
205,Ariadne,Bourtoumieux,abourtoumieux5o@google.com.hk,Agender,122.157.244.24,Indonesia,3.49,HU
206,Ebony,Deeming,edeeming5p@ifeng.com,Female,196.215.11.237,Panama,29.99,US
207,Prinz,Commucci,pcommucci5q@mail.ru,Male,249.129.11.83,Mongolia,5.59,US
208,Averil,Damato,adamato5r@sina.com.cn,Male,77.87.167.134,Mongolia,1.29,HU
209,Reginauld,Bruckenthal,rbruckenthal5s@baidu.com,Male,96.133.90.159,Uzbekistan,2.49,IT
210,Giffard,Downey,gdowney5t@tripadvisor.com,Male,28.13.69.131,Palestinian Territory,14.99,FR
211,Candida,Meharg,cmeharg5u@biglobe.ne.jp,Female,152.243.159.123,Philippines,3.79,AT
212,Neill,Awty,nawty5v@free.fr,Male,21.237.238.188,China,69.99,IE
213,Zorana,Seiter,zseiter5w@comcast.net,Female,0.200.99.138,Netherlands,12.99,IT
214,Inigo,Halbord,ihalbord5x@icio.us,Male,104.198.170.123,Indonesia,24.99,US
215,Dulcea,Zum Felde,dzumfelde5y@eventbrite.com,Female,214.117.67.219,China,3.99,US
216,Hally,Prawle,hprawle5z@whitehouse.gov,Non-binary,57.203.144.238,Philippines,4.29,AT
217,Tomas,Phythean,tphythean60@pinterest.com,Male,144.157.86.217,China,9.99,FR
218,Revkah,Showler,rshowler61@people.com.cn,Female,49.228.187.236,South Sudan,34.99,IT
219,Fidelity,Hallt,fhallt62@shareasale.com,Polygender,175.154.51.216,China,4.79,DE
220,Skippy,Torricella,storricella63@bloomberg.com,Male,52.98.163.250,Argentina,3.49,FR
221,Reed,Smitten,rsmitten64@time.com,Male,219.24.189.149,Portugal,1.99,IE
222,Roselle,Sarra,rsarra65@cyberchimps.com,Female,113.107.115.171,Lithuania,8.99,US
223,Lisle,Easter,leaster66@blogger.com,Male,199.242.52.25,Russia,15.99,AT
224,Arch,Haffenden,ahaffenden67@webnode.com,Male,240.148.202.22,Philippines,3.99,US
225,Gloria,Godbert,ggodbert68@msu.edu,Female,0.171.28.36,Ireland,24.99,IE
226,Holly-anne,Rorke,hrorke69@behance.net,Non-binary,191.40.40.181,Bulgaria,9.99,FR
227,Thornton,Pearse,tpearse6a@salon.com,Male,170.245.43.110,Malaysia,14.99,IE
228,Raquel,O'Giany,rogiany6b@bizjournals.com,Female,74.89.120.125,China,6.49,US
229,Ali,Egle,aegle6c@ning.com,Male,251.81.253.140,Philippines,2.09,IT
230,Windham,Tynnan,wtynnan6d@canalblog.com,Non-binary,70.99.142.96,Sweden,39.99,IT
231,Simone,Tripet,stripet6e@ovh.net,Male,58.148.198.231,Peru,15.99,US
232,Dulcia,Cruickshank,dcruickshank6f@foxnews.com,Female,84.96.151.217,Russia,2.99,AT
233,Ruprecht,Caulier,rcaulier6g@etsy.com,Genderfluid,165.244.157.46,Russia,7.99,IT
234,Chrisse,Gilliland,cgilliland6h@mapy.cz,Genderqueer,10.53.134.111,Indonesia,59.99,IT
235,Alyss,Di Bernardo,adibernardo6i@ox.ac.uk,Female,30.227.127.203,Croatia,9.99,US
236,Cyrill,Taggerty,ctaggerty6j@about.me,Bigender,117.78.161.187,Cameroon,54.99,SK
237,Isabelita,Trembath,itrembath6k@creativecommons.org,Female,10.57.166.191,Argentina,199.99,DE
238,Otis,Churchouse,ochurchouse6l@google.de,Non-binary,13.167.47.90,Papua New Guinea,4.99,US
239,Kleon,Gilbanks,kgilbanks6m@oakley.com,Male,150.227.118.209,Philippines,49.99,US
240,Easter,McWaters,emcwaters6n@theglobeandmail.com,Female,184.109.87.52,China,5.99,US
241,Mayne,Clemes,mclemes6o@ning.com,Male,160.42.8.160,China,3.89,DE
242,Christiane,Patrickson,cpatrickson6p@ibm.com,Female,31.38.99.79,Brazil,2.99,US
243,Ferdie,Akerman,fakerman6q@harvard.edu,Male,177.226.219.208,Albania,5.49,US
244,Dene,Joyes,djoyes6r@wunderground.com,Male,49.28.38.200,Japan,3.49,FR
245,Querida,Ondricek,qondricek6s@elpais.com,Female,166.110.7.174,Nigeria,39.99,US
246,Gradeigh,Charopen,gcharopen6t@devhub.com,Male,90.81.8.239,Nigeria,9.99,DE
247,Anderea,Chaffin,achaffin6u@instagram.com,Female,52.87.143.69,Russia,29.99,IT
248,Arnold,Fullilove,afullilove6v@dion.ne.jp,Male,147.154.180.253,United States,89.99,DE
249,Shell,Junkison,sjunkison6w@163.com,Non-binary,111.153.25.45,Ukraine,5.99,US
250,Josepha,Masding,jmasding6x@mayoclinic.com,Female,205.129.68.155,Philippines,19.99,US
251,Cirstoforo,Bartol,cbartol6y@oaic.gov.au,Male,198.36.130.234,Sri Lanka,149.99,US
252,Cassius,Falls,cfalls6z@bbb.org,Male,105.33.137.55,Ukraine,2.19,DE
253,Holly,Cragg,hcragg70@yolasite.com,Female,192.169.50.71,Russia,89.99,DE
254,Warde,Aberdeen,waberdeen71@liveinternet.ru,Male,204.12.250.187,Indonesia,17.99,LU
255,Hernando,Scully,hscully72@t-online.de,Male,178.41.53.2,Russia,1.99,US
256,Anallise,Gallen,agallen73@list-manage.com,Female,219.179.231.212,Russia,129.99,AT
257,Francklin,Kincaid,fkincaid74@narod.ru,Bigender,111.24.90.72,China,3.99,US
258,Maximilian,Duncombe,mduncombe75@blogtalkradio.com,Male,71.65.162.224,Japan,2.99,AT
259,Sharon,Meatcher,smeatcher76@amazon.de,Female,200.11.135.110,Macedonia,29.99,US
260,Aldous,Anfosso,aanfosso77@histats.com,Male,110.251.32.65,China,5.79,IT
261,Ly,Trusse,ltrusse78@plala.or.jp,Male,225.39.61.67,Russia,3.99,US
262,Shaylynn,Whifen,swhifen79@nature.com,Female,112.248.237.33,Philippines,29.99,IT
263,Pacorro,Dollard,pdollard7a@netvibes.com,Male,221.75.96.94,France,2.49,AT
264,Korie,Moylan,kmoylan7b@apache.org,Female,154.159.195.180,Mongolia,3.49,FR
265,Lorna,Rathe,lrathe7c@forbes.com,Polygender,143.65.84.1,China,2.99,US
266,Pate,Splain,psplain7d@statcounter.com,Male,175.9.172.212,Philippines,8.99,FR
267,Alvan,Kynton,akynton7e@fotki.com,Male,186.5.32.192,Sweden,3.79,LU
268,Nedi,Spanton,nspanton7f@nifty.com,Female,1.72.101.67,Morocco,26.99,PL
269,Buiron,MacCambridge,bmaccambridge7g@dropbox.com,Male,178.236.12.222,Philippines,4.49,US
270,Brent,Josef,bjosef7h@ning.com,Male,54.125.185.58,Indonesia,4.49,US
271,Bonni,Tregiddo,btregiddo7i@oaic.gov.au,Female,149.133.250.136,Indonesia,2.49,US
272,Stella,Nazareth,snazareth7j@yelp.com,Female,13.206.35.107,China,3.99,DE
273,Hollis,Posnette,hposnette7k@cnet.com,Male,91.52.123.102,France,3.59,DE
274,Elana,Jacobowitz,ejacobowitz7l@dyndns.org,Female,99.96.97.203,Bulgaria,14.99,US
275,Hilde,Raiston,hraiston7m@springer.com,Polygender,57.83.15.133,Japan,49.99,DE
276,Annecorinne,Tarbox,atarbox7n@constantcontact.com,Female,211.66.123.165,Philippines,2.29,AT
277,Daryl,Lapides,dlapides7o@facebook.com,Male,96.63.222.158,Russia,24.99,DE
278,Reggis,Mulbry,rmulbry7p@mapquest.com,Male,145.83.66.46,France,4.99,HR
279,Yves,Jest,yjest7q@networkadvertising.org,Male,155.173.199.70,Indonesia,89.99,US
280,Jerrilee,Curlis,jcurlis7r@quantcast.com,Female,132.250.110.152,Russia,29.99,US
281,Olvan,Poizer,opoizer7s@ed.gov,Male,249.253.108.129,Russia,22.99,US
282,Abba,Samber,asamber7t@privacy.gov.au,Male,199.214.54.56,Indonesia,9.99,US
283,Tomlin,Gerger,tgerger7u@yahoo.com,Male,167.10.39.143,Portugal,12.99,PL
284,Joseph,Scade,jscade7v@prweb.com,Male,188.178.138.41,Russia,12.99,DE
285,Taite,Santen,tsanten7w@hubpages.com,Male,57.46.104.50,Pakistan,64.99,DE
286,Kirstin,Redmell,kredmell7x@java.com,Female,211.199.174.179,Philippines,6.49,US
287,Rea,Devenny,rdevenny7y@booking.com,Female,76.153.247.1,South Africa,24.99,FR
288,Darsie,Robardet,drobardet7z@google.de,Female,144.251.205.38,China,6.29,US
289,Concordia,Stockton,cstockton80@seesaa.net,Female,4.234.192.47,Indonesia,4.29,FR
290,Stewart,Rushe,srushe81@tuttocitta.it,Male,122.64.172.102,Indonesia,3.29,US
291,Lark,LLelweln,lllelweln82@ebay.com,Female,105.35.135.181,Indonesia,3.29,US
292,Georges,Dilrew,gdilrew83@scribd.com,Male,242.145.199.2,China,24.99,US
293,Emmeline,Erswell,eerswell84@google.com.hk,Female,225.29.113.59,Palestinian Territory,12.99,DE
294,Rosalie,Brammer,rbrammer85@patch.com,Polygender,168.211.23.11,China,29.99,US
295,Thatcher,Lynett,tlynett86@nba.com,Male,228.85.162.62,Indonesia,4.29,AT
296,Stu,Polet,spolet87@usgs.gov,Male,173.212.7.233,Indonesia,2.99,US
297,Dav,Prinne,dprinne88@jimdo.com,Male,62.230.90.78,Ivory Coast,39.99,US
298,Zitella,Kauscher,zkauscher89@bloomberg.com,Female,237.139.255.221,Indonesia,3.99,DE
299,Ranna,Cicerone,rcicerone8a@bloomberg.com,Female,44.254.232.229,Czech Republic,5.49,DK
300,Worden,Merrigans,wmerrigans8b@dion.ne.jp,Male,69.188.103.226,Brazil,2.99,US
301,Drusi,Spearett,dspearett8c@go.com,Female,24.58.42.71,Ukraine,4.89,FR
302,Cloe,Wisden,cwisden8d@google.com.br,Female,135.170.99.227,China,2.49,DK
303,Ulrikaumeko,Spohr,uspohr8e@dmoz.org,Female,94.185.207.62,Mexico,3.29,DE
304,Edie,Marlen,emarlen8f@berkeley.edu,Female,141.48.233.135,Poland,29.99,US
305,Mariel,Bartolini,mbartolini8g@cbslocal.com,Female,214.249.55.9,Italy,3.99,IT
306,Gypsy,Armfirld,garmfirld8h@tiny.cc,Female,3.205.247.134,Venezuela,22.99,US
307,Kelcy,Leslie,kleslie8i@wsj.com,Female,14.144.21.246,Indonesia,299.99,US
308,Alberta,Fandrich,afandrich8j@wired.com,Female,165.5.186.231,Russia,6.49,AT
309,Lorne,Flewan,lflewan8k@bravesites.com,Male,110.67.170.169,Sweden,29.99,DE
310,Colly,Dower,cdower8l@sitemeter.com,Female,203.243.186.102,China,4.99,US
311,Elsinore,McAw,emcaw8m@wired.com,Female,157.138.173.18,Czech Republic,19.99,US
312,Roseanna,MacIan,rmacian8n@wikispaces.com,Female,149.72.89.200,Guinea,10.99,US
313,Leoine,Fere,lfere8o@rediff.com,Female,103.103.134.131,North Korea,8.49,US
314,Grethel,Scrivin,gscrivin8p@yellowbook.com,Female,71.170.4.243,Tunisia,24.99,DE
315,Maxy,Cadreman,mcadreman8q@tamu.edu,Agender,138.107.211.182,Colombia,15.99,US
316,Marilyn,Scoggin,mscoggin8r@java.com,Female,121.181.11.93,China,14.99,US
317,Chico,Adshead,cadshead8s@time.com,Male,10.213.196.206,Indonesia,7.49,IT
318,Yurik,Hoyes,yhoyes8t@alibaba.com,Male,25.237.45.11,Sweden,44.99,SE
319,Amye,Ratnege,aratnege8u@51.la,Female,119.184.151.228,Russia,3.49,US
320,Bianca,Cranmore,bcranmore8v@usa.gov,Female,93.241.87.223,China,5.99,DE
321,Auberta,Thurske,athurske8w@zdnet.com,Female,11.232.134.186,Dominican Republic,89.99,IT
322,Dinnie,Greenalf,dgreenalf8x@ameblo.jp,Female,238.75.124.244,Russia,3.29,US
323,Zechariah,Scutcheon,zscutcheon8y@netscape.com,Male,193.192.82.211,Norway,2.99,IT
324,Madelene,McAllaster,mmcallaster8z@pagesperso-orange.fr,Female,90.193.254.122,China,4.19,US
325,Demott,Blaszkiewicz,dblaszkiewicz90@ted.com,Male,42.123.38.228,Brazil,4.49,FR
326,Amandie,Armand,aarmand91@bbc.co.uk,Female,57.126.192.187,Dominican Republic,3.29,DE
327,Trudey,Southan,tsouthan92@123-reg.co.uk,Female,201.88.138.74,China,1.29,DE
328,Aline,Daspar,adaspar93@mapy.cz,Female,224.20.119.169,France,6.99,AT
329,Reiko,Anney,ranney94@hostgator.com,Female,147.136.156.212,Philippines,4.29,IT
330,Olin,Beecheno,obeecheno95@thetimes.co.uk,Male,225.18.247.111,Myanmar,4.99,PT
331,Dalia,Chalk,dchalk96@springer.com,Female,95.137.71.94,Indonesia,1.99,NL
332,Thatcher,Fortescue,tfortescue97@shop-pro.jp,Male,136.207.143.86,China,2.29,US
333,Hebert,Polo,hpolo98@istockphoto.com,Male,3.109.39.241,Brazil,19.99,US
334,Carlita,MacConchie,cmacconchie99@bing.com,Female,21.34.28.215,Ukraine,299.99,DE
335,Cathe,Filippo,cfilippo9a@canalblog.com,Female,113.218.110.15,Brazil,899.99,US
336,Daffi,Marcombe,dmarcombe9b@amazon.co.uk,Female,188.228.149.172,Portugal,10.99,US
337,Anitra,Gilliard,agilliard9c@gravatar.com,Female,50.1.39.168,Tanzania,39.99,US
338,Torrence,Wellan,twellan9d@fastcompany.com,Male,249.233.106.114,Indonesia,2.99,US
339,Fabio,Rathke,frathke9e@umich.edu,Male,84.54.10.102,France,1.99,DE
340,Riccardo,Yakushkin,ryakushkin9f@wikispaces.com,Male,237.212.12.209,Bulgaria,1.99,BE
341,Fidelia,Breitling,fbreitling9g@craigslist.org,Female,143.251.182.19,Portugal,29.99,AT
342,Riordan,Pawfoot,rpawfoot9h@adobe.com,Male,140.233.134.0,Norway,89.99,US
343,Hogan,Crean,hcrean9i@nhs.uk,Male,130.136.84.15,South Korea,8.99,IT
344,Hyacinthie,Riccardo,hriccardo9j@yolasite.com,Female,64.46.242.10,France,3.49,AT
345,Nananne,Lecky,nlecky9k@people.com.cn,Genderqueer,205.82.56.7,France,34.99,FR
346,Brander,Kneath,bkneath9l@amazon.co.jp,Male,148.160.237.172,China,3.49,IT
347,Erny,Kedwell,ekedwell9m@oaic.gov.au,Male,40.145.4.225,Ukraine,2.99,DE
348,Cos,Soans,csoans9n@chronoengine.com,Agender,216.222.19.49,China,9.99,US
349,Emmy,Todhunter,etodhunter9o@xinhuanet.com,Male,81.124.130.251,Honduras,24.99,US
350,Celestyna,Townsend,ctownsend9p@people.com.cn,Female,139.93.186.142,Russia,4.49,FR
351,Ignatius,Scogin,iscogin9q@sfgate.com,Male,219.213.220.60,Brazil,24.99,US
352,Hayden,Yearby,hyearby9r@apache.org,Male,178.55.48.107,Indonesia,2.99,FR
353,Othelia,Rangle,orangle9s@xinhuanet.com,Female,131.10.71.53,Mexico,5.99,FR
354,Katleen,Sandland,ksandland9t@pcworld.com,Female,84.195.214.39,China,6.89,US
355,Nicholas,Reckus,nreckus9u@quantcast.com,Male,97.148.208.153,Myanmar,29.99,US
356,Genny,Marcroft,gmarcroft9v@icq.com,Female,204.46.155.179,Germany,79.99,US
357,Wayne,O'Cahill,wocahill9w@xing.com,Male,116.178.211.129,China,2.99,US
358,Gasparo,Cramphorn,gcramphorn9x@amazonaws.com,Male,100.166.119.65,China,3.49,DE
359,Jordain,Blackadder,jblackadder9y@statcounter.com,Female,141.88.224.253,China,29.99,US
360,Uriah,Stathers,ustathers9z@artisteer.com,Male,73.89.199.64,Armenia,5.99,AT
361,Ruthann,Placstone,rplacstonea0@washingtonpost.com,Female,250.147.210.194,Czech Republic,19.99,US
362,Carrie,Brigge,cbriggea1@cnet.com,Female,239.247.72.5,China,5.49,ES
363,Silvia,Pounds,spoundsa2@baidu.com,Female,37.100.45.174,China,1.99,US
364,Perry,Heister,pheistera3@prweb.com,Agender,60.70.216.41,Thailand,34.99,IT
365,Malia,Ubsdell,mubsdella4@theatlantic.com,Female,232.109.214.135,Albania,2.49,FR
366,Leta,Gilloran,lgillorana5@accuweather.com,Female,171.229.161.217,Vietnam,19.99,US
367,Theressa,Fulep,tfulepa6@whitehouse.gov,Female,252.99.190.82,Senegal,22.99,US
368,Reinwald,Korba,rkorbaa7@omniture.com,Male,21.76.37.105,Portugal,39.99,US
369,Rees,Maymond,rmaymonda8@amazon.de,Male,250.186.227.43,Ireland,3.89,AT
370,Quincey,Robert,qroberta9@imgur.com,Male,24.129.166.128,Poland,79.99,US
371,Ranee,Gonsalo,rgonsaloaa@theguardian.com,Female,252.34.19.117,Malaysia,2.99,US
372,Ruthe,MacKaig,rmackaigab@yahoo.com,Female,212.250.186.63,Cuba,2.89,US
373,Brenden,Elbourn,belbournac@delicious.com,Male,237.209.211.33,China,14.99,AT
374,Reese,Scotting,rscottingad@skype.com,Male,226.225.28.225,Mexico,39.99,IT
375,Gus,Hoffmann,ghoffmannae@photobucket.com,Male,226.194.92.120,Philippines,39.99,US
376,Edith,Briffett,ebriffettaf@techcrunch.com,Non-binary,59.202.41.83,China,5.99,US
377,Mohandis,Tytherton,mtythertonag@addtoany.com,Male,123.156.128.238,Mongolia,5.99,SE
378,Karie,Lofthouse,klofthouseah@qq.com,Female,83.169.72.235,United States,49.99,US
379,Hertha,Jarrard,hjarrardai@umn.edu,Genderfluid,195.5.211.139,France,3.99,US
380,Ardelle,Volet,avoletaj@dropbox.com,Genderqueer,239.74.22.65,Ukraine,34.99,US
381,Ravid,Pennuzzi,rpennuzziak@dyndns.org,Male,86.152.210.127,Poland,24.99,FR
382,Franklyn,Willis,fwillisal@dagondesign.com,Male,25.218.20.11,Indonesia,30,US
383,Anastasia,Gaytor,agaytoram@independent.co.uk,Female,44.36.107.130,Russia,14.99,DE
384,Marcos,Brewis,mbrewisan@imageshack.us,Male,93.30.238.18,Netherlands,69.99,US
385,Dionne,Keys,dkeysao@sciencedirect.com,Female,7.249.155.23,South Korea,99.99,IT
386,Mordecai,Adaway,madawayap@google.cn,Male,235.98.187.212,Serbia,4.79,DE
387,Margette,Thairs,mthairsaq@vinaora.com,Female,32.242.82.87,Afghanistan,2.49,DE
388,Anatola,Nolin,anolinar@macromedia.com,Female,169.82.9.107,Argentina,3.29,DE
389,Evie,Yven,eyvenas@tiny.cc,Female,33.16.129.192,Indonesia,2.99,DE
390,Norry,Boreham,nborehamat@facebook.com,Female,194.69.187.226,Gabon,29.99,US
391,Gerard,McGlaughn,gmcglaughnau@opensource.org,Male,148.151.74.15,Brazil,2.99,US
392,Tobin,Youhill,tyouhillav@google.co.uk,Male,71.102.47.199,Honduras,44.99,FR
393,Lemmy,Marris,lmarrisaw@g.co,Male,117.15.75.81,China,34.99,IT
394,Guthrie,Thoday,gthodayax@intel.com,Male,170.166.46.215,Thailand,49.99,DE
395,Sophia,Shipsey,sshipseyay@hibu.com,Female,8.134.108.184,United Kingdom,39.99,US
396,Cobb,Unsworth,cunsworthaz@gov.uk,Male,138.118.9.192,China,69.99,US
397,Pieter,Haggarty,phaggartyb0@google.es,Male,165.50.187.180,Marshall Islands,24.99,US
398,Iolanthe,Kolyagin,ikolyaginb1@google.ca,Female,190.198.85.92,Russia,359.99,US
399,Dallas,Geratt,dgerattb2@acquirethisname.com,Female,242.126.64.100,Indonesia,3.49,US
400,Michelina,Gelderd,mgelderdb3@engadget.com,Female,149.4.93.86,South Africa,2.99,AT
401,Harriott,Euplate,heuplateb4@theguardian.com,Female,4.96.84.181,Philippines,2.99,DE
402,Eva,Shatliff,eshatliffb5@sourceforge.net,Female,241.183.222.10,Egypt,3.29,US
403,Della,Elstub,delstubb6@sogou.com,Female,19.91.121.14,Kazakhstan,109.99,US
404,Cary,Pinckney,cpinckneyb7@sakura.ne.jp,Male,208.166.57.171,Russia,69.99,US
405,Guillaume,Tebbutt,gtebbuttb8@samsung.com,Male,115.5.90.58,Sweden,109.99,US
406,Tiler,Lenormand,tlenormandb9@canalblog.com,Male,205.27.124.42,Finland,6.49,FR
407,Kingston,Sansum,ksansumba@jalbum.net,Male,207.245.44.57,Philippines,15.99,DE
408,Tobi,Mathevon,tmathevonbb@rakuten.co.jp,Female,115.252.9.213,Australia,2.99,DE
409,Gusella,Kingsmill,gkingsmillbc@ning.com,Female,58.52.239.191,Peru,22.99,IT
410,Laurens,Sooper,lsooperbd@merriam-webster.com,Male,236.216.188.175,Democratic Republic of the Congo,19.99,IT
411,Eleanor,Grisedale,egrisedalebe@jiathis.com,Female,114.112.20.196,Canada,3.49,IT
412,Beryle,Bolf,bbolfbf@va.gov,Female,115.188.25.15,Kiribati,4.49,FR
413,Franny,Howlings,fhowlingsbg@rambler.ru,Female,136.204.241.238,Palestinian Territory,2.49,AT
414,Norbie,Dransfield,ndransfieldbh@cdc.gov,Male,180.162.92.7,Thailand,5.29,IT
415,Agathe,Lucey,aluceybi@ezinearticles.com,Female,55.227.68.202,Vietnam,24.99,US
416,Martguerita,Philot,mphilotbj@vistaprint.com,Female,142.253.60.61,Myanmar,45.99,US
417,Fifine,Stodart,fstodartbk@amazon.co.uk,Female,86.156.194.26,United States,22.99,LT
418,Paolina,Borges,pborgesbl@reuters.com,Female,244.2.210.127,Norway,12.99,FR
419,Rozalie,Tomasino,rtomasinobm@nymag.com,Female,38.62.83.73,Yemen,29.99,CZ
420,Filide,Kirmond,fkirmondbn@deviantart.com,Polygender,33.28.146.75,China,2.49,US
421,Willi,Lilburne,wlilburnebo@instagram.com,Female,174.156.253.62,China,3.29,DE
422,Vladimir,Alvarez,valvarezbp@51.la,Male,208.227.169.243,Egypt,6.99,FR
423,Elle,Brack,ebrackbq@studiopress.com,Female,185.169.56.6,Indonesia,3.49,US
424,Suzette,Vittori,svittoribr@blog.com,Female,209.160.248.198,Ireland,2.49,IT
425,Flore,Matokhnin,fmatokhninbs@tiny.cc,Female,17.132.164.165,China,24.99,US
426,Torry,Ambrogioli,tambrogiolibt@tamu.edu,Male,28.107.231.109,China,1.39,FR
427,Ramona,Ridewood,rridewoodbu@imdb.com,Female,148.185.96.4,Mexico,3.99,US
428,Sukey,Bahia,sbahiabv@state.tx.us,Female,50.224.179.26,Sweden,22.99,DE
429,Pietro,Walesby,pwalesbybw@ted.com,Genderqueer,164.252.199.29,South Africa,34.99,US
430,Berke,Dybald,bdybaldbx@tiny.cc,Male,43.105.39.168,United States,49.99,DE
431,Adamo,Stormes,astormesby@soundcloud.com,Male,160.91.69.210,Norway,5.49,DE
432,Glendon,Chainey,gchaineybz@chronoengine.com,Male,69.194.120.77,Portugal,8.99,ES
433,Maye,Eble,meblec0@independent.co.uk,Female,210.190.12.136,Russia,3.49,DE
434,Tammy,Bartoszinski,tbartoszinskic1@altervista.org,Male,223.32.226.209,Russia,39.99,US
435,Joela,Hubane,jhubanec2@usnews.com,Female,31.153.89.250,Indonesia,19.99,US
436,Bren,Armstrong,barmstrongc3@unblog.fr,Male,128.49.103.0,Dominican Republic,19.99,DE
437,Bartolomeo,Sayce,bsaycec4@wikispaces.com,Male,252.8.56.231,Indonesia,3.99,US
438,Preston,Whistlecraft,pwhistlecraftc5@godaddy.com,Male,69.18.70.181,Canada,4.99,AT
439,Augusto,Weeke,aweekec6@engadget.com,Male,173.124.172.166,United States,34.99,US
440,Bidget,Connealy,bconnealyc7@mayoclinic.com,Female,54.38.2.205,Colombia,6.49,US
441,Charla,Macveigh,cmacveighc8@google.com.hk,Female,222.69.105.153,Russia,2.49,NL
442,Meir,Savege,msavegec9@google.ca,Male,40.233.23.46,China,3.49,DE
443,Torrin,Syseland,tsyselandca@apple.com,Male,2.59.146.19,Russia,89.99,IE
444,Lorenza,Barten,lbartencb@istockphoto.com,Female,117.162.130.79,Vietnam,14.99,DE
445,Joey,McCullogh,jmcculloghcc@wikia.com,Female,176.92.185.155,Russia,1.79,US
446,Sher,Hesey,sheseycd@wp.com,Female,96.206.43.170,Portugal,59.99,US
447,Matelda,Justun,mjustunce@de.vu,Female,56.97.35.97,China,5.99,DK
448,Marchall,Maruszewski,mmaruszewskicf@redcross.org,Male,41.30.67.91,Ukraine,2.49,DE
449,Crissy,Ricci,criccicg@fda.gov,Female,249.118.130.93,Pakistan,22.99,US
450,Ky,Yegorov,kyegorovch@dropbox.com,Male,213.203.50.20,Portugal,34.99,IT
451,Marita,Giacomozzo,mgiacomozzoci@networkadvertising.org,Female,127.119.223.43,Indonesia,34.99,US
452,Filmer,MacGrath,fmacgrathcj@issuu.com,Male,125.13.222.188,China,2.89,US
453,Isahella,Temple,itempleck@irs.gov,Agender,99.107.183.49,Philippines,3.29,IT
454,Jacquelyn,Hansel,jhanselcl@merriam-webster.com,Female,117.51.184.224,Brazil,29.99,FR
455,Wadsworth,Foster-Smith,wfostersmithcm@drupal.org,Male,121.11.89.225,Slovenia,12.99,DE
456,Sybyl,Mamwell,smamwellcn@comsenz.com,Female,143.184.101.51,China,359.99,US
457,Daniella,Ginnane,dginnaneco@ca.gov,Female,220.176.16.53,Indonesia,3.49,DE
458,Jocelin,Bostick,jbostickcp@oakley.com,Female,139.15.192.40,Tajikistan,12.99,US
459,Stanfield,Fife,sfifecq@utexas.edu,Male,93.245.169.4,China,29.99,IT
460,Wendi,Iacovazzi,wiacovazzicr@independent.co.uk,Female,104.225.168.39,Ecuador,5.99,IT
461,Shawn,Lowdiane,slowdianecs@barnesandnoble.com,Female,159.194.246.181,Sweden,29.99,US
462,Daryl,Blayd,dblaydct@noaa.gov,Female,127.254.53.77,Ukraine,24.99,DE
463,Carmelita,Fenna,cfennacu@cyberchimps.com,Female,169.218.165.14,Indonesia,8.99,US
464,Cathie,Domenge,cdomengecv@dell.com,Female,230.130.95.19,Sweden,9.99,IT
465,Caterina,Swyne,cswynecw@slideshare.net,Female,196.110.45.97,Argentina,10.99,DK
466,Farica,Raggett,fraggettcx@jugem.jp,Female,28.59.35.143,Mexico,89.99,IT
467,Tirrell,Repper,treppercy@people.com.cn,Male,113.249.207.246,China,34.99,DE
468,Em,Ellicombe,eellicombecz@yolasite.com,Male,217.217.165.110,Philippines,22.99,PT
469,Chicky,Hampe,champed0@printfriendly.com,Male,141.133.209.61,Peru,4.49,IE
470,Kore,Muat,kmuatd1@wufoo.com,Female,180.93.27.237,Brazil,89.99,IE
471,Alexandra,McKeveney,amckeveneyd2@youku.com,Female,240.173.0.34,Netherlands,32.99,US
472,Nessi,Smellie,nsmellied3@state.gov,Female,8.240.64.125,Russia,19.99,US
473,Harrison,Caro,hcarod4@amazon.com,Male,80.80.11.25,China,39.99,AT
474,Pavla,Carff,pcarffd5@wordpress.com,Female,146.246.114.49,Egypt,4.99,FR
475,Sarena,Klees,skleesd6@fema.gov,Female,63.175.251.240,Japan,2.59,US
476,Marianna,Reglar,mreglard7@bbc.co.uk,Female,179.116.223.79,China,3.99,US
477,Davis,Ashbridge,dashbridged8@engadget.com,Male,193.17.52.152,China,29.99,DE
478,Stanly,Bonhan,sbonhand9@mac.com,Male,85.191.93.252,Brazil,29.99,DE
479,Tommy,Levensky,tlevenskyda@bbc.co.uk,Male,106.45.229.120,Philippines,3.99,US
480,Chilton,Tarbox,ctarboxdb@go.com,Male,14.177.168.92,Colombia,12.99,AT
481,Kali,Jermyn,kjermyndc@msu.edu,Female,86.116.103.178,Papua New Guinea,34.99,IT
482,Gawain,Cosely,gcoselydd@skyrock.com,Male,115.83.45.248,Venezuela,249.99,ES
483,Shellie,Elegood,selegoodde@intel.com,Female,201.211.167.67,Philippines,4.99,PT
484,Nathanial,Toffanini,ntoffaninidf@imdb.com,Male,131.217.45.28,Philippines,7.99,AT
485,Kristina,Scirman,kscirmandg@google.cn,Female,242.246.22.217,France,39.99,US
486,Carlie,MacKaig,cmackaigdh@typepad.com,Polygender,119.208.223.170,Serbia,24.99,DK
487,Zea,Drakers,zdrakersdi@amazon.de,Agender,203.41.192.100,France,2.59,PL
488,Nana,Godfery,ngodferydj@123-reg.co.uk,Female,161.35.68.190,China,59.99,US
489,Shea,Corbyn,scorbyndk@addthis.com,Female,236.68.92.44,China,4.29,IT
490,Batholomew,Plevey,bpleveydl@paginegialle.it,Bigender,215.144.65.78,Czech Republic,49.99,US
491,See,Uebel,suebeldm@mashable.com,Male,220.214.157.186,China,5.99,US
492,Ranice,Cossons,rcossonsdn@a8.net,Female,47.105.147.42,China,2.99,US
493,Salmon,Matuszewski,smatuszewskido@slashdot.org,Male,51.51.125.105,Sweden,199.99,US
494,Godwin,Brideoke,gbrideokedp@harvard.edu,Male,65.31.201.135,Japan,4.99,US
495,Micky,Elverstone,melverstonedq@multiply.com,Female,156.228.86.156,Norway,29.99,US
496,Sandie,Bosanko,sbosankodr@quantcast.com,Female,137.170.199.235,Croatia,79.99,US
497,Vin,Yanyushkin,vyanyushkinds@mashable.com,Female,183.37.16.12,Pakistan,59.99,MT
498,Charleen,Burrus,cburrusdt@4shared.com,Female,216.38.166.56,Madagascar,2.69,US
499,Sloan,Kensington,skensingtondu@exblog.jp,Male,41.185.153.177,Sweden,49.99,US
500,Cherilyn,Worboys,cworboysdv@squidoo.com,Female,146.155.40.136,Russia,12.99,US
501,Victoir,Worden,vwordendw@mit.edu,Male,185.251.218.170,Brazil,6.49,DE
502,Kelly,Catterell,kcatterelldx@wordpress.com,Female,66.0.195.233,France,39.99,DE
503,Catharine,McKeaveney,cmckeaveneydy@ifeng.com,Female,67.72.71.135,Russia,4.49,US
504,Costanza,Absalom,cabsalomdz@kickstarter.com,Female,178.66.241.77,Palestinian Territory,39.99,FR
505,Kit,Vance,kvancee0@lycos.com,Female,114.246.137.111,Canada,25.99,IT
506,Devlen,Juzek,djuzeke1@wikia.com,Male,233.83.80.59,Philippines,49.95,NL
507,Norah,Rickett,nrickette2@vimeo.com,Female,97.27.135.16,China,3.59,US
508,Marja,Jeays,mjeayse3@nifty.com,Female,95.182.171.41,Vietnam,4.99,US
509,Terry,Klaaassen,tklaaassene4@shinystat.com,Female,178.82.86.157,Peru,299.99,US
510,Burt,Edge,bedgee5@jiathis.com,Non-binary,35.55.24.3,Indonesia,199.99,US
511,Jolene,Zima,jzimae6@guardian.co.uk,Female,36.109.159.167,China,4.29,US
512,Ellyn,Baldacchi,ebaldacchie7@ihg.com,Female,40.69.79.247,Greece,149.99,US
513,Vlad,Besse,vbessee8@globo.com,Male,193.53.252.131,Russia,4.49,IE
514,Mellicent,Rabb,mrabbe9@newyorker.com,Female,104.198.30.171,Ireland,3.69,US
515,Donnell,Grigg,dgriggea@dell.com,Male,110.59.14.59,Armenia,24.99,US
516,Raphael,Raccio,rraccioeb@wsj.com,Male,250.170.79.178,Malawi,2.99,US
517,Lonnard,Signoret,lsignoretec@state.gov,Male,232.201.136.66,Greece,9.99,US
518,Phil,Strangwood,pstrangwooded@4shared.com,Female,53.161.50.131,Portugal,12.99,US
519,Osbourne,Stanfield,ostanfieldee@google.co.jp,Male,149.69.235.4,Afghanistan,1.5,IT
520,Lucais,Corben,lcorbenef@google.ru,Male,201.194.202.66,Russia,3.99,US
521,Bettye,Gerram,bgerrameg@bluehost.com,Female,186.213.182.148,Poland,29.99,IT
522,Joann,Rope,jropeeh@nbcnews.com,Female,159.72.119.84,Nigeria,9.99,FR
523,Ryon,Stiebler,rstieblerei@360.cn,Male,3.59.216.243,Palestinian Territory,1.99,US
524,Joannes,Give,jgiveej@senate.gov,Female,121.234.134.109,China,49.99,FR
525,Cleo,Radbourne,cradbourneek@msn.com,Female,78.58.144.122,Guatemala,14.99,US
526,Joela,Grimsdyke,jgrimsdykeel@hao123.com,Bigender,113.19.233.9,Russia,3.49,US
527,Marrissa,Pedler,mpedlerem@mediafire.com,Female,40.88.29.97,Portugal,4.99,DE
528,Kearney,Shipston,kshipstonen@liveinternet.ru,Genderfluid,215.250.255.242,Poland,29.99,AT
529,Worthington,Wellington,wwellingtoneo@nih.gov,Male,21.227.65.69,Sweden,19.99,US
530,Karlie,Summerson,ksummersonep@home.pl,Female,153.244.173.134,Iran,3.49,US
531,Godart,Dignall,gdignalleq@bloglovin.com,Agender,200.216.28.134,Venezuela,89.99,FR
532,Janna,Tripet,jtripeter@github.io,Non-binary,170.206.151.46,Ukraine,99.99,US
533,Letisha,Betser,lbetseres@google.co.uk,Female,125.89.70.70,Poland,399.99,US
534,Jody,Vasic,jvasicet@apache.org,Male,254.125.181.9,Mexico,24.99,DE
535,Billie,Cheake,bcheakeeu@dailymail.co.uk,Male,46.64.225.149,China,129.99,US
536,Emelina,McQuorkell,emcquorkellev@wufoo.com,Polygender,42.184.60.177,Finland,2.79,DE
537,Gayla,Lowerson,glowersonew@foxnews.com,Female,211.140.98.18,Chad,24.99,AT
538,Merle,Skeldon,mskeldonex@ifeng.com,Male,11.152.101.33,Peru,49.99,DE
539,Row,Tremoulet,rtremouletey@discovery.com,Female,198.242.201.68,France,4.99,US
540,Alaric,Whitley,awhitleyez@ucla.edu,Male,38.123.245.53,Mongolia,34.99,DE
541,Ellis,Knoller,eknollerf0@php.net,Male,6.23.113.234,Indonesia,22.99,US
542,Allissa,Stemson,astemsonf1@forbes.com,Female,75.1.180.34,Portugal,29.99,DE
543,Ruthann,Drowsfield,rdrowsfieldf2@seattletimes.com,Female,23.183.189.162,Bulgaria,5.99,US
544,Goddard,Shermore,gshermoref3@washington.edu,Male,216.148.159.225,Philippines,12.99,US
545,Willyt,McKelloch,wmckellochf4@comsenz.com,Female,241.146.6.103,Russia,4.99,US
546,Cullen,Fehely,cfehelyf5@a8.net,Male,134.95.130.242,Honduras,6.99,FR
547,Tome,Goalley,tgoalleyf6@github.io,Male,114.185.177.206,Indonesia,24.99,DK
548,Obadias,Mattingley,omattingleyf7@goo.gl,Male,27.3.172.232,Thailand,9.99,US
549,Petronia,Pash,ppashf8@ucla.edu,Female,140.174.189.125,Russia,12.99,IE
550,Ches,Keasley,ckeasleyf9@blinklist.com,Male,61.231.245.100,Nepal,199.99,US
551,Isadore,Darmody,idarmodyfa@hatena.ne.jp,Genderqueer,166.80.35.43,Ukraine,24.99,US
552,Alvin,Allardyce,aallardycefb@github.io,Male,140.151.79.96,China,24.99,US
553,Shela,Beadnell,sbeadnellfc@ow.ly,Female,162.149.128.162,Russia,199.99,US
554,Sharl,Youson,syousonfd@arstechnica.com,Female,188.231.189.66,Ukraine,4.49,US
555,Madelin,Gillions,mgillionsfe@zimbio.com,Female,77.163.60.191,China,49.99,AT
556,Randi,Farren,rfarrenff@admin.ch,Male,22.50.86.52,Canada,4.99,DE
557,Oliviero,Lusted,olustedfg@vkontakte.ru,Male,130.34.103.221,Denmark,1.79,US
558,Raeann,Papaminas,rpapaminasfh@furl.net,Female,211.15.243.48,Iraq,24.99,US
559,Kalie,Milhench,kmilhenchfi@gov.uk,Female,13.252.116.57,Portugal,8.99,US
560,Karlyn,Bridle,kbridlefj@comsenz.com,Female,117.188.239.160,China,79.99,US
561,Ximenez,Ferrillio,xferrilliofk@ed.gov,Male,61.179.215.218,Palestinian Territory,3.29,MT
562,Carmencita,Andrzejak,candrzejakfl@webmd.com,Polygender,48.167.94.156,Sweden,1.89,DE
563,Bendick,Spinola,bspinolafm@ocn.ne.jp,Male,156.234.133.34,Armenia,4.29,US
564,Richy,Moneti,rmonetifn@constantcontact.com,Male,228.58.23.102,France,22.99,DE
565,Jaquenette,Ravillas,jravillasfo@marriott.com,Genderqueer,99.211.168.45,Thailand,39.99,US
566,Jerrold,Sauvage,jsauvagefp@timesonline.co.uk,Male,130.120.210.34,Argentina,29.99,DE
567,Colman,June,cjunefq@ucoz.ru,Male,8.9.130.87,United Kingdom,59.99,HU
568,Ira,Lovelace,ilovelacefr@wsj.com,Male,53.221.138.133,France,29.99,US
569,Matthew,McAlees,mmcaleesfs@ifeng.com,Male,65.138.244.73,China,16.99,DE
570,Saunder,Comusso,scomussoft@spotify.com,Male,105.174.60.121,Pakistan,2.49,US
571,Erminie,Pinsent,epinsentfu@craigslist.org,Genderqueer,75.247.43.103,Honduras,2.99,US
572,Lucias,MacAloren,lmacalorenfv@wikimedia.org,Male,141.229.190.202,North Korea,79.99,US
573,Ashton,Reams,areamsfw@trellian.com,Male,145.160.64.2,Belgium,49.99,DE
574,Bridget,Hunting,bhuntingfx@cdc.gov,Female,180.198.111.105,Armenia,5.99,US
575,Adelind,Pickance,apickancefy@digg.com,Female,24.13.91.53,Poland,22.99,AT
576,Thibaud,Kornyakov,tkornyakovfz@gravatar.com,Male,234.203.15.172,Colombia,1.99,BE
577,Sosanna,Bernardino,sbernardinog0@abc.net.au,Female,191.51.238.241,France,2.49,US
578,Diana,Rylands,drylandsg1@hugedomains.com,Female,95.199.41.221,Brazil,49.99,US
579,Darsie,Musgrave,dmusgraveg2@yahoo.com,Female,248.88.210.214,Brazil,4.99,US
580,Sascha,Ivan,sivang3@reverbnation.com,Male,42.238.125.214,Burkina Faso,10.99,DE
581,Babb,Edginton,bedgintong4@devhub.com,Female,146.214.136.222,China,3.79,US
582,Wylma,MacConnel,wmacconnelg5@homestead.com,Female,94.134.172.175,Sweden,14.99,US
583,Brnaby,Land,blandg6@loc.gov,Male,218.230.22.44,Burundi,3.49,US
584,Ellary,Sperring,esperringg7@epa.gov,Agender,116.213.60.159,Indonesia,2.99,AT
585,Rockwell,Luker,rlukerg8@webnode.com,Male,3.145.235.202,France,24.99,IT
586,Luise,Lankester,llankesterg9@blogspot.com,Agender,144.161.105.104,United Kingdom,4.99,FR
587,Nelle,Dowker,ndowkerga@mediafire.com,Female,214.183.55.116,China,34.99,US
588,Nikoletta,Gary,ngarygb@shareasale.com,Polygender,108.98.70.163,China,22.99,US
589,Keeley,Rabbe,krabbegc@yelp.com,Female,187.98.213.85,Russia,2.99,IE
590,Berky,Hacquoil,bhacquoilgd@exblog.jp,Male,6.114.139.33,Portugal,11.99,LU
591,Nikola,Wippermann,nwippermannge@blog.com,Male,6.120.99.230,China,14.99,FR
592,Andeee,Grassot,agrassotgf@scientificamerican.com,Female,239.53.189.246,Vietnam,2.29,IE
593,Hans,Kelledy,hkelledygg@sina.com.cn,Male,70.254.93.217,France,26.99,IT
594,Nobie,Derricoat,nderricoatgh@digg.com,Male,177.34.7.155,France,27.99,US
595,Sibylla,Speer,sspeergi@123-reg.co.uk,Bigender,47.255.29.199,Peru,3.79,US
596,Ashley,Beinke,abeinkegj@goodreads.com,Male,236.245.138.224,Portugal,8.99,DE
597,Sheelah,Dolley,sdolleygk@statcounter.com,Female,228.4.39.192,United States,29.99,US
598,Bailie,Padilla,bpadillagl@nationalgeographic.com,Male,150.43.55.113,Egypt,5.99,AT
599,James,Di Biasio,jdibiasiogm@last.fm,Male,184.51.239.208,France,3.29,US
600,Pascale,Luetkemeyer,pluetkemeyergn@disqus.com,Male,5.149.41.25,Jamaica,2.49,FR
601,Milo,MacGowing,mmacgowinggo@rediff.com,Male,221.94.145.132,Russia,19.99,US
602,Carita,Kira,ckiragp@wikimedia.org,Female,243.183.175.166,Portugal,2.29,US
603,Dorree,Hugh,dhughgq@oracle.com,Female,8.201.50.70,Indonesia,8.99,FR
604,Aeriela,Clavey,aclaveygr@cornell.edu,Female,38.188.243.26,Sweden,5.49,DE
605,Caldwell,Meader,cmeadergs@unc.edu,Male,4.167.212.16,Portugal,2.49,DE
606,Spence,Corwin,scorwingt@cnet.com,Non-binary,111.16.210.229,Tunisia,3.29,US
607,Mathilda,Gonnel,mgonnelgu@nbcnews.com,Female,145.23.155.194,France,8.99,DE
608,Terencio,Ygo,tygogv@go.com,Male,145.243.184.242,Brazil,8.99,US
609,Cull,Tearle,ctearlegw@nationalgeographic.com,Male,76.40.158.181,Argentina,3.49,US
610,Durand,Boleyn,dboleyngx@harvard.edu,Male,223.242.113.126,Portugal,15.99,US
611,Talbot,Hares,tharesgy@dailymotion.com,Male,82.101.122.54,France,54.99,IT
612,Ellswerth,Abbatucci,eabbatuccigz@forbes.com,Male,23.216.15.24,Croatia,3.99,US
613,Dorthy,Mariette,dmarietteh0@hostgator.com,Female,111.111.0.80,Afghanistan,35.99,FR
614,Buiron,Batcheldor,bbatcheldorh1@biblegateway.com,Male,33.50.242.171,Thailand,24.99,AT
615,Tallie,Bunton,tbuntonh2@reuters.com,Female,178.236.94.150,China,14.99,US
616,Sharline,Tivers,stiversh3@blogger.com,Female,177.136.70.83,China,249.99,DE
617,Raynell,Rasor,rrasorh4@infoseek.co.jp,Female,116.129.68.141,France,7.99,SE
618,Leone,Manville,lmanvilleh5@pen.io,Female,214.182.52.125,Argentina,3.49,LU
619,Lindsay,Gittins,lgittinsh6@github.com,Female,4.87.145.125,Laos,14.99,NL
620,Gennifer,Eschalette,geschaletteh7@chron.com,Bigender,209.193.130.176,France,15.99,CY
621,Jandy,Hendren,jhendrenh8@europa.eu,Female,24.44.135.59,Andorra,1.5,ES
622,Norby,Peart,npearth9@ning.com,Male,63.40.148.210,Canada,49.99,DE
623,Manolo,Martellini,mmartelliniha@amazonaws.com,Male,107.225.36.183,China,39.99,US
624,Shalom,East,seasthb@fda.gov,Male,36.117.205.130,United States,25.99,IT
625,Owen,McGonigle,omcgoniglehc@google.com.br,Male,73.145.87.21,Cameroon,3.49,AT
626,Midge,Marval,mmarvalhd@loc.gov,Non-binary,189.212.15.241,China,159.99,FR
627,Merrill,Killcross,mkillcrosshe@bloglovin.com,Female,229.81.89.232,China,1.29,US
628,Austine,Arstall,aarstallhf@apple.com,Female,121.244.112.115,Indonesia,22.99,DE
629,Arlan,de Wilde,adewildehg@sohu.com,Male,239.173.149.86,Uzbekistan,5.59,US
630,Taber,Shurrocks,tshurrockshh@sitemeter.com,Male,85.175.225.224,Guam,2.49,US
631,Kasper,Verecker,kvereckerhi@kickstarter.com,Male,176.126.90.214,Kazakhstan,29.99,FR
632,Codi,Concklin,cconcklinhj@epa.gov,Male,151.64.242.142,China,3.49,IT
633,Janetta,Campes,jcampeshk@pbs.org,Female,191.211.181.115,Indonesia,24.99,US
634,Lavinie,Callf,lcallfhl@geocities.jp,Female,223.247.66.173,Palestinian Territory,12.99,US
635,Rafaela,Haime,rhaimehm@last.fm,Female,252.245.58.186,China,29.99,IT
636,Dierdre,Pierton,dpiertonhn@theglobeandmail.com,Female,21.37.18.108,United States,2.49,US
637,Shell,Iacomini,siacominiho@mit.edu,Male,89.77.90.222,China,45.99,US
638,Sabina,Curd,scurdhp@tinyurl.com,Genderfluid,42.179.66.79,Canada,39.99,US
639,Esmaria,Doreward,edorewardhq@shop-pro.jp,Genderfluid,64.180.16.63,China,1.49,ES
640,Phillipe,Smithend,psmithendhr@dagondesign.com,Male,237.110.151.100,Mexico,3.49,US
641,Grissel,MacRorie,gmacroriehs@ameblo.jp,Female,200.63.39.83,Morocco,3.49,DE
642,Val,Quinion,vquinionht@altervista.org,Female,41.78.255.4,Uzbekistan,49.99,FR
643,Velma,Lapworth,vlapworthhu@wunderground.com,Female,142.211.152.28,Brazil,3.49,US
644,Avrom,Begent,abegenthv@cornell.edu,Male,119.224.94.134,Nepal,2.99,US
645,Maxie,Eate,meatehw@apple.com,Male,171.213.174.27,Ukraine,14.99,US
646,Octavia,Gayle,ogaylehx@eepurl.com,Female,151.240.91.216,Mongolia,89.99,RO
647,Fidole,Nowland,fnowlandhy@jimdo.com,Male,104.20.224.107,China,39.99,US
648,Meg,Unstead,munsteadhz@weebly.com,Female,142.41.161.12,Morocco,12.99,US
649,Rhona,Sibary,rsibaryi0@webmd.com,Female,10.11.65.86,China,29.99,AT
650,Elvin,Mifflin,emifflini1@google.co.uk,Male,225.63.225.213,Sweden,19.99,US
651,Georg,Eaves,geavesi2@apple.com,Male,88.79.9.230,Kuwait,9.99,US
652,Laurella,Urpeth,lurpethi3@economist.com,Female,230.194.63.1,Cyprus,1.99,AT
653,Fredrika,Trew,ftrewi4@ox.ac.uk,Female,191.215.68.216,Papua New Guinea,34.99,DE
654,Hagen,Potell,hpotelli5@reuters.com,Male,19.135.119.41,Sweden,24.99,DE
655,Dyann,Norssister,dnorssisteri6@fotki.com,Female,177.239.192.222,Zimbabwe,4.99,US
656,Kathi,Streak,kstreaki7@senate.gov,Female,103.120.50.81,Malaysia,6.99,IT
657,Lorianne,Prahm,lprahmi8@simplemachines.org,Female,198.202.141.197,France,49.99,US
658,Christian,Tregunna,ctregunnai9@blog.com,Male,183.85.53.34,Indonesia,6.99,AT
659,Meredith,Collocott,mcollocottia@printfriendly.com,Bigender,144.242.156.250,China,45.99,US
660,Desiree,Delieu,ddelieuib@buzzfeed.com,Agender,54.79.63.88,Portugal,22.99,US
661,Aluino,MacCracken,amaccrackenic@cbslocal.com,Male,183.96.10.240,Honduras,6.99,AT
662,Orson,Ebbotts,oebbottsid@kickstarter.com,Male,192.135.25.80,Afghanistan,39.99,US
663,Zacharia,Cowdrey,zcowdreyie@twitpic.com,Male,132.205.239.223,China,49.99,US
664,Byrann,Northen,bnorthenif@google.de,Polygender,104.63.12.217,China,2.59,US
665,Karil,Loveman,klovemanig@bing.com,Female,158.199.72.10,Nigeria,3.99,IT
666,Rosana,Kinig,rkinigih@vinaora.com,Female,218.216.112.167,Chile,49.95,US
667,Erena,Mathen,emathenii@homestead.com,Female,102.25.233.104,Ukraine,34.99,IT
668,Ronny,Colville,rcolvilleij@ebay.co.uk,Male,184.67.1.160,United Kingdom,5.99,US
669,Greer,Deeble,gdeebleik@wix.com,Female,51.140.101.210,Guyana,79.99,IT
670,Oliy,Collomosse,ocollomosseil@ocn.ne.jp,Female,154.54.178.208,France,4.99,US
671,Shanna,Jelley,sjelleyim@upenn.edu,Female,144.192.5.196,Russia,19.99,IT
672,Immanuel,Lagne,ilagnein@mail.ru,Male,160.40.33.116,Indonesia,12.99,US
673,Amy,Lohan,alohanio@economist.com,Female,113.243.205.116,Germany,2.99,AT
674,Catarina,MacGhee,cmacgheeip@squarespace.com,Female,9.131.92.33,Kosovo,4.99,US
675,Marty,Nussii,mnussiiiq@list-manage.com,Female,61.182.157.129,China,5.49,DK
676,Ethelin,Jouhan,ejouhanir@hp.com,Female,18.185.130.173,Poland,2.49,US
677,Aube,Nesbitt,anesbittis@slate.com,Male,23.106.23.103,Netherlands,4.99,LU
678,Orland,Langdridge,olangdridgeit@cam.ac.uk,Male,56.87.72.193,China,34.99,BE
679,Whitney,Ramage,wramageiu@blogspot.com,Male,70.141.28.82,Bangladesh,49.99,US
680,Margette,Trassler,mtrassleriv@mapy.cz,Female,110.28.10.188,France,2.49,US
681,Joellyn,Screeton,jscreetoniw@google.de,Female,57.71.135.38,Indonesia,34.99,US
682,Bobine,Mulholland,bmulhollandix@blogger.com,Female,143.177.220.206,Portugal,1.69,IT
683,Maurizio,Payn,mpayniy@bandcamp.com,Male,9.250.30.235,China,39.99,AT
684,Wait,Hassekl,whassekliz@youtube.com,Male,159.245.170.241,Indonesia,99.99,US
685,Lanie,Brodeau,lbrodeauj0@bbb.org,Genderfluid,113.74.158.225,Honduras,2.49,DE
686,Corinna,Caudwell,ccaudwellj1@4shared.com,Female,52.177.200.135,Austria,19.99,IE
687,Burg,Kelby,bkelbyj2@domainmarket.com,Male,126.213.175.208,Philippines,19.99,AT
688,Dionne,Boldecke,dboldeckej3@cam.ac.uk,Female,82.249.251.248,Indonesia,49.99,AT
689,Lucky,Newcombe,lnewcombej4@networkadvertising.org,Female,161.27.54.48,Jamaica,39.99,US
690,Susi,Dennant,sdennantj5@ezinearticles.com,Female,163.224.133.2,Philippines,1.99,DE
691,Olivero,Braisted,obraistedj6@xrea.com,Male,31.178.139.243,Russia,79.99,US
692,Karlis,Giacobillo,kgiacobilloj7@studiopress.com,Male,148.123.9.166,Comoros,4.29,IT
693,Lemmie,Flohard,lflohardj8@google.it,Male,135.149.15.114,Nicaragua,3.29,US
694,Murdoch,Boles,mbolesj9@senate.gov,Male,66.180.141.154,Argentina,39.99,US
695,Curtice,Torbet,ctorbetja@apache.org,Male,168.109.2.224,Nigeria,2.49,US
696,Eugenie,Rasmus,erasmusjb@pcworld.com,Female,73.99.52.12,Indonesia,6.99,US
697,Graig,Bingall,gbingalljc@theglobeandmail.com,Male,113.229.44.21,Indonesia,4.99,US
698,Hilary,Cosely,hcoselyjd@alibaba.com,Male,35.74.7.170,Russia,44.99,AT
699,Fritz,Stokey,fstokeyje@stumbleupon.com,Male,186.207.160.202,Brazil,5.49,US
700,Khalil,Povey,kpoveyjf@scientificamerican.com,Male,205.4.82.115,China,19.99,ES
701,Liza,Blomfield,lblomfieldjg@wikia.com,Female,226.130.209.100,Bulgaria,59.99,US
702,Chickie,Ventum,cventumjh@weibo.com,Female,45.157.53.254,China,6.99,US
703,Janna,Carnduff,jcarnduffji@cpanel.net,Female,8.114.47.249,Thailand,39.99,DE
704,Antoni,Robeson,arobesonjj@apple.com,Male,185.63.32.160,China,8.99,US
705,Constantina,Soldan,csoldanjk@accuweather.com,Female,181.176.196.172,Indonesia,29.99,US
706,Foster,Speak,fspeakjl@jigsy.com,Male,112.174.252.120,Philippines,2.99,US
707,Albina,Dudek,adudekjm@nps.gov,Female,212.44.180.242,Russia,9.99,US
708,Berton,Moulster,bmoulsterjn@printfriendly.com,Agender,11.210.197.218,Colombia,34.99,DE
709,Hank,Salack,hsalackjo@walmart.com,Male,132.91.91.54,Canada,49.99,US
710,Gerry,Halpen,ghalpenjp@youtu.be,Male,159.200.103.110,Poland,129.99,US
711,Car,Deddum,cdeddumjq@purevolume.com,Male,168.122.56.147,Ukraine,3.29,BE
712,Cherin,Borth,cborthjr@163.com,Female,1.124.51.191,Canada,1.99,FR
713,Leann,Otson,lotsonjs@slashdot.org,Female,69.157.30.240,Peru,4.99,US
714,Ilse,Blabey,iblabeyjt@tripod.com,Female,17.10.114.149,China,19.99,DE
715,Mic,Pau,mpauju@tuttocitta.it,Male,160.205.170.89,Indonesia,1.5,IT
716,Norry,Toolin,ntoolinjv@is.gd,Male,222.107.231.245,China,3.99,US
717,Sissy,Emms,semmsjw@purevolume.com,Female,47.193.246.231,Indonesia,44.99,US
718,Arluene,Volks,avolksjx@google.cn,Female,151.161.244.58,Germany,44.99,US
719,Teodoor,Raven,travenjy@so-net.ne.jp,Male,248.183.137.5,Japan,8.99,US
720,Matias,Shipman,mshipmanjz@domainmarket.com,Male,210.190.112.105,Portugal,2.79,US
721,Lancelot,Stilldale,lstilldalek0@cmu.edu,Male,62.38.91.33,China,14.99,ES
722,Kora,Richter,krichterk1@cloudflare.com,Female,225.85.238.156,Norway,2.49,US
723,Trent,Epple,tepplek2@clickbank.net,Male,32.102.71.187,Canada,3.89,BE
724,Timmi,Hagerty,thagertyk3@sbwire.com,Female,68.8.155.165,Venezuela,14.99,DE
725,Jonathon,Christofor,jchristofork4@twitpic.com,Agender,102.193.141.27,Philippines,4.99,US
726,Jacky,Greenacre,jgreenacrek5@over-blog.com,Female,198.38.208.253,Poland,7.49,US
727,Cecilla,Pogue,cpoguek6@biblegateway.com,Female,86.0.117.191,Iran,99.99,US
728,Eydie,Fone,efonek7@tiny.cc,Female,83.209.18.99,Malaysia,19.99,DE
729,Armstrong,Whitter,awhitterk8@shareasale.com,Male,144.144.50.198,China,299.99,DE
730,Selig,Stanex,sstanexk9@mozilla.org,Male,224.126.145.174,China,49.99,US
731,Lock,Woolard,lwoolardka@ask.com,Male,236.21.180.163,Russia,109.99,IT
732,Tulley,Jillard,tjillardkb@arstechnica.com,Male,249.115.207.108,Indonesia,24.99,DE
733,Glen,Caskey,gcaskeykc@goo.ne.jp,Female,95.244.92.122,China,15.99,US
734,Boyd,Durtnell,bdurtnellkd@infoseek.co.jp,Male,152.120.145.83,Peru,15.99,US
735,Gayle,Whinray,gwhinrayke@goo.ne.jp,Male,163.14.8.97,Hungary,49.99,DE
736,Zsazsa,Elmhurst,zelmhurstkf@timesonline.co.uk,Female,230.238.104.211,Ukraine,12.99,US
737,Binky,Stanbra,bstanbrakg@taobao.com,Male,159.211.36.181,Colombia,3.99,US
738,Jessie,Dabbes,jdabbeskh@youtube.com,Female,222.4.130.101,China,4.99,AT
739,Devina,Storek,dstorekki@xrea.com,Female,80.90.49.79,United States,34.99,US
740,Arel,Tottman,atottmankj@hhs.gov,Male,60.93.168.136,Slovenia,18.99,US
741,Carling,Robke,crobkekk@adobe.com,Male,216.75.253.29,Philippines,4.29,US
742,Karlik,Spaughton,kspaughtonkl@miibeian.gov.cn,Male,251.66.168.141,Sweden,15.99,IE
743,Priscilla,Haddacks,phaddackskm@godaddy.com,Female,189.249.147.171,Brazil,2.49,IT
744,Ingram,Josskovitz,ijosskovitzkn@comsenz.com,Male,95.71.228.40,Sweden,3.49,AT
745,Juditha,Linstead,jlinsteadko@sfgate.com,Female,25.157.195.200,Saudi Arabia,8.99,DE
746,Shaylyn,Drakeford,sdrakefordkp@irs.gov,Female,26.48.187.178,Indonesia,5.49,US
747,Emlyn,Bostock,ebostockkq@engadget.com,Male,68.186.178.100,China,3.99,FR
748,Alla,Baiden,abaidenkr@alexa.com,Female,40.1.91.141,Palestinian Territory,6.99,US
749,Marlow,Illwell,millwellks@redcross.org,Male,43.143.18.73,Indonesia,29.99,US
750,Chic,Bevar,cbevarkt@privacy.gov.au,Male,135.174.48.9,Armenia,18.99,US
751,Theresina,Kilmartin,tkilmartinku@desdev.cn,Female,125.203.84.156,Indonesia,29.99,DE
752,Lin,Tomasoni,ltomasonikv@free.fr,Male,213.189.146.62,Azerbaijan,24.99,AT
753,Chrysa,Willbourne,cwillbournekw@imgur.com,Female,123.3.4.140,Argentina,39.99,DE
754,Humberto,Beche,hbechekx@myspace.com,Polygender,138.169.160.207,Croatia,34.99,DE
755,Alethea,Andriveaux,aandriveauxky@php.net,Female,121.220.184.83,China,19.99,DE
756,Queenie,Wank,qwankkz@yelp.com,Female,84.169.127.119,Indonesia,18.99,IE
757,Idell,Studman,istudmanl0@ftc.gov,Female,149.57.133.28,Indonesia,34.99,US
758,Iona,Sleep,isleepl1@so-net.ne.jp,Female,53.173.72.104,China,3.49,US
759,Billie,Helian,bhelianl2@yellowpages.com,Female,194.246.217.10,Indonesia,49.99,US
760,Liam,Jorez,ljorezl3@yandex.ru,Male,176.67.112.190,China,18.99,US
761,Lishe,Dimitrov,ldimitrovl4@wufoo.com,Agender,37.224.16.119,Turkmenistan,29.99,BE
762,Raddy,Dearth,rdearthl5@springer.com,Male,235.220.222.83,Colombia,79.99,US
763,Nevins,Abdy,nabdyl6@yale.edu,Male,199.194.148.24,China,129.99,BE
764,Zora,Sargood,zsargoodl7@woothemes.com,Female,236.178.175.240,Panama,4.49,US
765,Sylvan,Wilson,swilsonl8@whitehouse.gov,Male,167.73.164.93,China,6.99,US
766,Sidney,Kimmitt,skimmittl9@xrea.com,Genderfluid,173.152.190.49,China,2.49,US
767,Freddy,Quarlis,fquarlisla@wordpress.org,Male,219.236.107.221,Tanzania,2.49,US
768,Jonis,Duckit,jduckitlb@microsoft.com,Female,206.69.233.4,Sweden,1.89,US
769,Gussy,Ilyinykh,gilyinykhlc@prlog.org,Female,169.10.24.17,Indonesia,3.29,US
770,Nadean,Carvilla,ncarvillald@illinois.edu,Female,9.194.9.71,China,3.69,IT
771,Roddie,Matz,rmatzle@sphinn.com,Male,145.9.174.253,China,34.99,US
772,Roi,Tow,rtowlf@arizona.edu,Male,30.89.26.99,Belarus,3.49,IT
773,Isac,Basterfield,ibasterfieldlg@businessweek.com,Male,228.151.127.135,Russia,22.99,US
774,Logan,Ellick,lellicklh@ustream.tv,Male,180.139.213.224,Russia,2.49,US
775,David,Maggs,dmaggsli@wufoo.com,Male,156.173.211.40,Indonesia,59.99,US
776,Mae,Diss,mdisslj@hubpages.com,Bigender,208.231.35.85,United States,2.99,IT
777,Lindsay,Latter,llatterlk@cargocollective.com,Female,37.100.17.177,Finland,29.99,US
778,Ervin,MacCart,emaccartll@blogspot.com,Male,217.11.240.193,China,34.99,US
779,Sandi,Naerup,snaeruplm@si.edu,Female,238.203.119.170,China,10.99,US
780,Quinn,Earl,qearlln@cafepress.com,Female,141.165.63.125,Serbia,24.99,IT
781,Yorgo,Locker,ylockerlo@bigcartel.com,Male,185.170.233.145,China,3.99,DE
782,Vick,McIlherran,vmcilherranlp@tinyurl.com,Male,60.25.177.147,Aland Islands,59.99,BE
783,Mirilla,Goodin,mgoodinlq@twitter.com,Female,129.220.219.97,Sweden,2.99,US
784,Ardelis,Mothersdale,amothersdalelr@un.org,Female,61.45.217.236,Russia,34.99,DE
785,Ransell,Griffen,rgriffenls@dot.gov,Male,151.117.84.181,Venezuela,3.99,US
786,Osborn,Mellor,omellorlt@narod.ru,Male,58.14.1.245,China,3.29,IT
787,Trude,Attril,tattrillu@dailymail.co.uk,Female,244.16.164.165,Kyrgyzstan,2.99,US
788,Marybelle,Pardey,mpardeylv@yandex.ru,Female,71.76.130.38,Indonesia,23.99,US
789,Honor,Splevin,hsplevinlw@merriam-webster.com,Female,180.241.149.62,China,12.99,US
790,Lynn,MacScherie,lmacscherielx@pbs.org,Male,246.144.181.195,Vietnam,14.99,ES
791,Juli,Dunbar,jdunbarly@woothemes.com,Female,0.166.212.105,Pakistan,4.19,DK
792,Darwin,Lidstone,dlidstonelz@usgs.gov,Male,165.234.130.132,Russia,4.49,US
793,Ham,Gorhardt,hgorhardtm0@prnewswire.com,Male,118.10.51.38,Indonesia,2.49,DE
794,Jan,Prozescky,jprozesckym1@unicef.org,Male,134.7.134.129,Netherlands,1.99,IE
795,Kira,Lisciandri,klisciandrim2@so-net.ne.jp,Female,53.100.85.45,Thailand,3.49,US
796,Domingo,Newdick,dnewdickm3@senate.gov,Male,127.141.26.101,Azerbaijan,29.99,IT
797,Nada,Butchart,nbutchartm4@twitpic.com,Female,245.217.179.91,Guatemala,2.49,IT
798,Bess,Swindells,bswindellsm5@imgur.com,Female,32.182.175.91,Canada,9.99,US
799,Hugibert,Dossett,hdossettm6@jalbum.net,Male,127.17.170.216,Indonesia,39.99,IT
800,Amelina,Aberhart,aaberhartm7@aboutads.info,Female,103.175.118.170,Indonesia,3.29,IT
801,Barn,McArthur,bmcarthurm8@dell.com,Genderqueer,196.3.94.48,Russia,54.99,FR
802,Kendrick,Cordero,kcorderom9@gnu.org,Male,244.83.118.251,Sweden,10.99,US
803,Warren,L'Amie,wlamiema@naver.com,Male,35.223.212.211,China,24.99,DE
804,Debera,Josipovitz,djosipovitzmb@nydailynews.com,Female,129.233.233.82,Venezuela,3.99,IT
805,Cristian,Hickisson,chickissonmc@people.com.cn,Male,21.0.14.169,France,2.99,US
806,Lauren,Wiggington,lwiggingtonmd@washingtonpost.com,Male,254.213.172.13,China,2.89,US
807,Elicia,Britto,ebrittome@live.com,Bigender,103.66.83.56,Philippines,5.49,IT
808,Rosana,Immer,rimmermf@php.net,Genderfluid,250.252.78.157,Vietnam,5.99,US
809,Minette,Potebury,mpoteburymg@engadget.com,Female,123.22.119.225,Portugal,199.99,US
810,Danica,Rawe,drawemh@1688.com,Bigender,221.99.1.190,Macedonia,34.99,AT
811,Erhart,Dodsworth,edodsworthmi@cafepress.com,Male,166.44.80.20,Russia,3.29,IT
812,Afton,Aleevy,aaleevymj@cnet.com,Female,130.70.252.50,China,59.99,AT
813,Shay,Emanulsson,semanulssonmk@discuz.net,Male,222.41.116.15,Indonesia,4.99,AT
814,Mollee,Hendrik,mhendrikml@amazon.co.jp,Female,39.73.45.106,China,5.49,US
815,Lewes,Phillcox,lphillcoxmm@nature.com,Male,2.93.23.73,Sweden,2.49,US
816,Idelle,Barroux,ibarrouxmn@prlog.org,Female,51.160.194.6,China,129.99,DE
817,Melissa,Borborough,mborboroughmo@google.it,Female,215.235.228.211,China,9.99,DE
818,Pippy,Fontes,pfontesmp@51.la,Female,90.214.27.1,Tanzania,8.99,US
819,Gisele,Faccini,gfaccinimq@mapquest.com,Female,160.188.152.27,Cameroon,4.99,US
820,Alida,Aikenhead,aaikenheadmr@shinystat.com,Female,52.23.65.53,Philippines,5.29,ES
821,Audrie,Englefield,aenglefieldms@vistaprint.com,Female,204.87.15.85,Brazil,24.99,US
822,Aubrey,Alfonso,aalfonsomt@jimdo.com,Female,75.178.181.135,Poland,49.99,US
823,Eugenius,Guerre,eguerremu@behance.net,Male,50.83.161.103,Montenegro,79.99,FR
824,Hermine,Wagstaff,hwagstaffmv@ask.com,Female,145.127.169.215,China,3.49,AT
825,Federica,O'Heneghan,foheneghanmw@apache.org,Female,253.107.167.139,Philippines,6.99,DE
826,Liam,Surridge,lsurridgemx@earthlink.net,Male,24.37.33.209,Philippines,24.99,US
827,Virgina,Petzolt,vpetzoltmy@cmu.edu,Female,44.181.230.103,Kuwait,1.49,US
828,Jamey,McDowell,jmcdowellmz@yale.edu,Male,124.244.129.139,Sri Lanka,4.99,RO
829,Oliver,Bryers,obryersn0@upenn.edu,Male,118.22.217.27,Libya,2.49,IT
830,Chiarra,Hooks,chooksn1@opera.com,Female,4.22.57.223,Panama,4.49,US
831,Elsbeth,Sicely,esicelyn2@dell.com,Female,13.117.63.247,Kazakhstan,49.99,DE
832,Jess,de Castelain,jdecastelainn3@statcounter.com,Male,246.250.44.28,Equatorial Guinea,12.99,US
833,Ervin,Menis,emenisn4@typepad.com,Male,82.54.245.131,China,4.99,US
834,Chrystel,Villaron,cvillaronn5@google.com.au,Non-binary,27.41.231.50,China,4.79,IT
835,Ashely,Abrahm,aabrahmn6@reddit.com,Female,29.88.117.168,China,8.99,BE
836,Linn,Misken,lmiskenn7@studiopress.com,Male,49.30.107.174,Afghanistan,34.99,US
837,Libby,Zimmer,lzimmern8@yahoo.com,Female,234.63.72.75,France,2.99,US
838,Bernette,Reiners,breinersn9@cloudflare.com,Genderqueer,60.138.126.210,Vietnam,3.29,IT
839,Marline,Dearle,mdearlena@telegraph.co.uk,Female,173.163.143.125,Vietnam,2.49,US
840,Elwin,Hedau,ehedaunb@reuters.com,Male,252.35.90.156,Russia,3.49,US
841,Karmen,Farrants,kfarrantsnc@pagesperso-orange.fr,Female,138.222.130.37,Brazil,109.99,IE
842,Tobie,Vannini,tvanninind@dyndns.org,Male,165.68.217.42,Indonesia,3.49,IT
843,Sherilyn,Alphege,salphegene@booking.com,Female,7.70.63.96,China,3.49,US
844,Margarethe,Baudasso,mbaudassonf@senate.gov,Female,120.82.235.59,Nicaragua,9.99,US
845,Norby,Olwen,nolwenng@artisteer.com,Male,108.172.54.187,Brazil,6.99,FR
846,Quintus,Dicke,qdickenh@sbwire.com,Male,20.133.97.131,Argentina,18.99,US
847,Welby,Vittori,wvittorini@wired.com,Male,25.71.212.200,Indonesia,2.29,DE
848,Clarinda,Hercules,cherculesnj@smugmug.com,Female,174.170.193.227,China,12.99,US
849,Gearalt,Buche,gbuchenk@abc.net.au,Male,223.216.70.18,France,34.99,US
850,Lemmy,O'Coskerry,locoskerrynl@nationalgeographic.com,Male,82.120.186.218,Poland,4.99,US
851,Kerr,Ivshin,kivshinnm@xinhuanet.com,Male,22.250.55.20,Indonesia,3.49,IT
852,Dene,Stein,dsteinnn@eventbrite.com,Male,136.7.40.23,Russia,2.99,DE
853,Honor,Bettam,hbettamno@spotify.com,Female,165.151.40.200,Colombia,39.99,US
854,Floria,Brende,fbrendenp@comsenz.com,Female,163.146.80.169,Indonesia,2.89,DE
855,Gage,MacGuffie,gmacguffienq@feedburner.com,Male,88.69.120.238,Russia,3.99,US
856,Gipsy,Janusik,gjanusiknr@google.fr,Female,254.109.29.97,Portugal,3.99,DE
857,Rory,Giacomelli,rgiacomellins@scribd.com,Male,189.90.41.102,China,3.99,US
858,Mahmud,Daid,mdaidnt@netvibes.com,Male,96.5.98.65,France,99.99,FR
859,Isadora,Middlemiss,imiddlemissnu@theguardian.com,Female,245.114.164.138,Central African Republic,7.99,DE
860,Marvin,Doughty,mdoughtynv@ihg.com,Male,7.167.250.190,Brazil,2.49,US
861,Winnifred,Haggus,whaggusnw@craigslist.org,Genderfluid,68.147.255.94,Germany,2.19,US
862,Donaugh,Eacle,deaclenx@wix.com,Male,238.27.79.55,Belarus,39.99,US
863,Eula,Wagnerin,ewagnerinny@furl.net,Female,153.251.96.114,China,3.99,DE
864,Cicily,Lantuffe,clantuffenz@shinystat.com,Female,243.193.11.121,South Africa,2.49,DK
865,Lurleen,Fearne,lfearneo0@mapquest.com,Female,246.51.41.224,Uzbekistan,4.99,IE
866,Kit,Sholl,kshollo1@shinystat.com,Male,117.128.226.232,Peru,5.49,US
867,Leigh,Lyddiatt,llyddiatto2@adobe.com,Female,245.64.38.139,Philippines,129.99,US
868,Faber,Cawthron,fcawthrono3@shutterfly.com,Bigender,58.26.120.220,China,24.99,US
869,Angie,Fronek,afroneko4@webmd.com,Female,134.162.54.93,Argentina,1.99,US
870,Emma,Coveley,ecoveleyo5@mail.ru,Female,124.192.163.151,France,29.99,US
871,Maisey,Lovatt,mlovatto6@meetup.com,Female,231.31.211.247,Indonesia,24.99,AT
872,Arda,Dumphrey,adumphreyo7@myspace.com,Female,213.28.227.165,China,24.99,US
873,Hadrian,Skym,hskymo8@redcross.org,Male,63.5.166.228,Uganda,3.79,US
874,Nanette,Farley,nfarleyo9@spotify.com,Female,17.127.251.57,Croatia,2.49,US
875,Solly,Finlayson,sfinlaysonoa@live.com,Male,91.155.57.97,Portugal,1.29,DE
876,Francisco,Biaggi,fbiaggiob@ebay.com,Male,74.101.236.172,Brazil,12.99,US
877,Cherida,Bennellick,cbennellickoc@reddit.com,Female,177.131.102.185,Indonesia,12.99,DE
878,Morgana,Dybell,mdybellod@qq.com,Agender,108.83.6.129,Portugal,12.99,US
879,Whitaker,Audiss,waudissoe@uiuc.edu,Male,60.240.238.193,China,22.99,DE
880,Salvatore,MacCarter,smaccarterof@squidoo.com,Male,167.151.250.98,China,3.99,US
881,Bonny,Firsby,bfirsbyog@ameblo.jp,Female,232.200.157.110,China,3.99,US
882,Alfy,Frackiewicz,afrackiewiczoh@i2i.jp,Male,242.160.130.163,Philippines,22.99,US
883,Niki,Mallalieu,nmallalieuoi@github.com,Female,22.156.63.98,Poland,2.99,US
884,Gareth,Montgomery,gmontgomeryoj@tuttocitta.it,Male,151.98.21.50,China,2.49,US
885,Hyatt,Estabrook,hestabrookok@sitemeter.com,Polygender,104.225.215.220,Czech Republic,6.49,US
886,Gillian,Carcass,gcarcassol@microsoft.com,Female,83.58.156.252,Colombia,34.99,DE
887,Rutherford,Brussels,rbrusselsom@jigsy.com,Male,131.141.112.253,Japan,5.99,IT
888,Chauncey,Enders,cenderson@livejournal.com,Male,204.248.137.252,Brazil,7.99,US
889,Samaria,Lindell,slindelloo@ameblo.jp,Female,205.114.145.249,Madagascar,299.99,US
890,Malissia,Bickerdyke,mbickerdykeop@pagesperso-orange.fr,Female,107.106.36.82,Sweden,6.99,US
891,Jacky,Scoggans,jscoggansoq@surveymonkey.com,Female,102.21.31.128,Poland,49.99,US
892,Bennie,Jendrassik,bjendrassikor@icio.us,Male,3.231.87.166,Russia,12.99,FR
893,Candy,Oldfield-Cherry,coldfieldcherryos@opensource.org,Female,192.15.130.166,Japan,199.99,US
894,Freemon,Boone,fbooneot@ibm.com,Male,94.9.245.243,Albania,12.99,FR
895,Odie,Secretan,osecretanou@bloglines.com,Male,34.232.91.21,Argentina,34.99,US
896,Odette,Heckner,ohecknerov@webmd.com,Female,146.245.81.6,Japan,39.99,US
897,Webb,Sheal,wshealow@hostgator.com,Male,149.91.220.171,Poland,4.19,US
898,Tristam,Simoncello,tsimoncelloox@slate.com,Male,109.239.51.215,Indonesia,22.99,BE
899,Amber,Begg,abeggoy@zdnet.com,Female,214.239.220.175,Philippines,24.99,DE
900,Everett,Goracci,egoraccioz@google.ru,Male,81.128.142.42,North Korea,39.99,IT
901,Hubie,Kingsmill,hkingsmillp0@bizjournals.com,Male,117.88.166.202,China,19.99,US
902,Web,Hume,whumep1@google.com,Male,198.112.141.98,Poland,1.89,DE
903,Auguste,Axtonne,aaxtonnep2@loc.gov,Female,243.193.116.116,Palestinian Territory,9.99,US
904,Ruperta,Crickmore,rcrickmorep3@canalblog.com,Female,76.225.143.65,Mexico,5.99,US
905,Bran,Bramhill,bbramhillp4@ed.gov,Male,247.240.5.241,China,3.39,US
906,Raffarty,Basketfield,rbasketfieldp5@nih.gov,Male,218.62.103.112,Russia,29.99,US
907,Kin,Rookwell,krookwellp6@admin.ch,Male,41.249.245.92,Russia,64.99,US
908,Lorrin,Hubberstey,lhubbersteyp7@taobao.com,Female,50.252.207.189,Croatia,3.99,US
909,Gaylord,Pellamonuten,gpellamonutenp8@cafepress.com,Male,121.43.72.144,Haiti,19.99,DE
910,Lauren,Blueman,lbluemanp9@soup.io,Female,36.70.214.130,China,29.99,PL
911,Rene,Dayne,rdaynepa@forbes.com,Male,71.142.219.140,Argentina,2.99,US
912,Giavani,Slide,gslidepb@mac.com,Male,233.56.34.10,Dominican Republic,4.99,US
913,Taddeusz,Haselhurst,thaselhurstpc@quantcast.com,Male,66.206.66.31,Japan,2.99,US
914,Troy,Juanico,tjuanicopd@vistaprint.com,Male,155.117.8.229,Indonesia,3.59,DE
915,Merla,Wicken,mwickenpe@goo.gl,Female,173.131.229.225,Indonesia,3.99,DE
916,Theresina,Benne,tbennepf@jiathis.com,Female,81.2.214.90,Kenya,10.99,DE
917,Lilias,Longstaffe,llongstaffepg@answers.com,Female,91.110.31.158,Indonesia,39.99,US
918,Cherianne,McGawn,cmcgawnph@tinyurl.com,Female,161.39.219.244,Indonesia,4.29,US
919,Northrup,Dunkersley,ndunkersleypi@msu.edu,Male,124.69.102.201,China,54.99,DE
920,Lucie,Samber,lsamberpj@eventbrite.com,Female,215.86.20.111,Sweden,14.99,AT
921,Tadd,Malyan,tmalyanpk@parallels.com,Male,114.217.77.227,China,69.99,DE
922,Papageno,Sworne,pswornepl@freewebs.com,Bigender,98.244.222.203,Madagascar,5.79,FR
923,Tilda,Winser,twinserpm@senate.gov,Female,243.181.230.216,Haiti,39.99,US
924,Elsworth,Hakey,ehakeypn@icq.com,Male,192.151.121.150,China,15.99,US
925,Wolf,Mingasson,wmingassonpo@yandex.ru,Male,98.144.4.131,Indonesia,49.99,FR
926,Tony,Larmuth,tlarmuthpp@epa.gov,Female,189.177.62.187,Russia,18.99,US
927,Spenser,Chiene,schienepq@time.com,Male,7.132.56.234,Indonesia,1.29,DE
928,Devlin,Christian,dchristianpr@tuttocitta.it,Male,52.211.37.137,Poland,19.99,RO
929,Emelen,Descroix,edescroixps@nifty.com,Male,90.189.44.84,Russia,5.49,US
930,Felice,Dunton,fduntonpt@yellowpages.com,Female,140.87.20.219,Colombia,19.99,US
931,Dionis,Gissop,dgissoppu@fotki.com,Female,144.61.34.155,Poland,2.49,AT
932,Benetta,Saltrese,bsaltresepv@unesco.org,Female,186.216.23.157,Thailand,34.99,IT
933,Caren,O'Corrin,cocorrinpw@live.com,Female,47.117.156.215,China,19.99,US
934,Sukey,Scocroft,sscocroftpx@i2i.jp,Female,121.37.25.39,Brazil,2.09,IT
935,Bonni,Speaks,bspeakspy@miitbeian.gov.cn,Female,245.80.133.241,Colombia,49.99,DE
936,Micheal,Colbertson,mcolbertsonpz@joomla.org,Male,97.74.193.122,Portugal,89.99,US
937,Jasun,Peirce,jpeirceq0@ucoz.ru,Male,235.96.37.11,Brazil,4.99,US
938,Siegfried,Nelthropp,snelthroppq1@opera.com,Male,142.111.126.249,Bulgaria,3.99,US
939,Tomaso,Gawkroge,tgawkrogeq2@exblog.jp,Male,245.55.224.198,North Korea,3.99,IT
940,Bellina,Bazylets,bbazyletsq3@bbc.co.uk,Female,156.20.193.61,Ukraine,4.49,IE
941,Frieda,Hurcombe,fhurcombeq4@jugem.jp,Female,255.119.31.87,Canada,29.99,US
942,Thorvald,Verlander,tverlanderq5@pcworld.com,Male,235.35.17.52,Greece,9.99,DK
943,Clemmie,Grabban,cgrabbanq6@yellowbook.com,Male,249.40.121.67,Kosovo,34.99,IT
944,Carlina,Rumney,crumneyq7@imdb.com,Female,36.10.142.32,France,3.29,US
945,Mitchel,Menico,mmenicoq8@chicagotribune.com,Male,231.192.83.17,Brazil,3.79,AT
946,Rosalind,D'Onise,rdoniseq9@freewebs.com,Female,197.197.71.136,Mongolia,129.99,US
947,Bartolemo,Royal,broyalqa@vinaora.com,Male,75.148.108.143,Czech Republic,3.99,US
948,Neile,Oxley,noxleyqb@paginegialle.it,Female,65.191.249.20,Morocco,19.99,US
949,Lorrayne,McOrkil,lmcorkilqc@mediafire.com,Female,90.163.215.46,China,2.69,US
950,Augustine,Mountney,amountneyqd@cpanel.net,Female,116.19.178.251,Belarus,7.99,SK
951,Merwyn,Ecclesall,mecclesallqe@usda.gov,Male,37.224.237.148,United States,4.99,FR
952,Sunshine,Schapiro,sschapiroqf@mediafire.com,Female,149.219.38.44,Indonesia,5.49,FR
953,Burk,Martugin,bmartuginqg@google.de,Male,212.144.67.203,Serbia,29.99,US
954,Warde,Ondrusek,wondrusekqh@theglobeandmail.com,Male,36.110.154.191,Bulgaria,34.99,US
955,Daphene,Greetland,dgreetlandqi@creativecommons.org,Genderqueer,160.197.139.52,Indonesia,29.99,US
956,Faun,Iacovielli,fiacovielliqj@over-blog.com,Female,11.122.25.240,China,9.99,FR
957,Peadar,Plimmer,pplimmerqk@twitpic.com,Male,92.64.178.242,Belarus,89.99,US
958,Albertine,Earsman,aearsmanql@kickstarter.com,Female,191.213.151.96,Russia,24.99,US
959,Lurette,Robatham,lrobathamqm@blogger.com,Female,201.137.58.175,Morocco,69.99,US
960,Rene,Duinkerk,rduinkerkqn@desdev.cn,Female,35.117.251.125,Russia,69.99,US
961,Sorcha,Stegel,sstegelqo@163.com,Female,160.237.204.4,Indonesia,29.99,US
962,Ram,Dymott,rdymottqp@oracle.com,Male,236.176.183.22,Philippines,79.99,IE
963,Saidee,Dane,sdaneqq@marketwatch.com,Female,118.2.118.128,Germany,24.99,NL
964,Dominique,Uridge,duridgeqr@csmonitor.com,Female,107.147.154.154,China,24.99,IT
965,Wally,Odlin,wodlinqs@slashdot.org,Female,218.129.72.98,Zimbabwe,39.99,LU
966,Brady,Vinnick,bvinnickqt@indiegogo.com,Male,63.13.99.228,China,4.99,US
967,Berk,McGoogan,bmcgooganqu@mit.edu,Male,223.89.107.57,Brazil,12.99,US
968,Calvin,Goodhand,cgoodhandqv@wufoo.com,Male,200.231.158.53,Czech Republic,29.99,FR
969,Conrad,Mordacai,cmordacaiqw@flickr.com,Male,150.233.119.241,Vietnam,24.99,AT
970,Abbie,Rudsdell,arudsdellqx@tripadvisor.com,Male,7.41.248.53,Comoros,3.79,NL
971,Kimberlee,Chritchlow,kchritchlowqy@tinypic.com,Female,162.107.34.97,China,3.29,LU
972,Obidiah,Daniell,odaniellqz@example.com,Male,2.109.35.199,China,49.99,IT
973,Kathie,Lartice,klarticer0@domainmarket.com,Genderqueer,142.159.114.187,Greece,29.99,US
974,Lorine,Moxham,lmoxhamr1@unicef.org,Female,131.191.251.6,France,2.99,AT
975,Delcine,MacCrosson,dmaccrossonr2@moonfruit.com,Female,126.15.35.245,Thailand,2.99,NL
976,Nike,Alger,nalgerr3@ucoz.ru,Female,233.170.73.29,Poland,2.99,US
977,Dara,Eberts,debertsr4@list-manage.com,Female,241.129.99.92,Russia,2.69,US
978,Fairleigh,Scothorn,fscothornr5@ucla.edu,Male,62.69.144.115,Canada,79.99,US
979,Lannie,Boog,lboogr6@cpanel.net,Male,112.149.39.225,Poland,4.49,US
980,Goldie,Kuhlen,gkuhlenr7@umn.edu,Female,125.80.99.209,Colombia,44.99,US
981,Romeo,Masser,rmasserr8@hao123.com,Male,136.159.207.92,China,24.99,US
982,Marlyn,Walling,mwallingr9@disqus.com,Female,68.44.50.241,United States,2.99,US
983,Chrysa,Hall,challra@tripod.com,Female,191.167.153.22,Greece,0.89,LT
984,Margie,Pembridge,mpembridgerb@wikipedia.org,Female,113.102.179.118,Indonesia,4.99,US
985,Lenee,Knellen,lknellenrc@illinois.edu,Female,1.249.208.193,France,34.99,FR
986,Beulah,Ingman,bingmanrd@ning.com,Female,190.87.225.156,Malawi,49.99,DE
987,Suellen,Vannucci,svannuccire@lulu.com,Female,178.99.223.132,Georgia,5.99,US
988,Nero,Smeeth,nsmeethrf@phoca.cz,Male,239.47.98.220,China,4.79,IT
989,Cordi,Kemmey,ckemmeyrg@vk.com,Female,138.183.180.105,Sweden,4.99,AT
990,Virgina,Turk,vturkrh@harvard.edu,Genderqueer,223.16.242.83,Angola,19.99,US
991,Jacquetta,Jansey,jjanseyri@whitehouse.gov,Female,244.28.143.144,Czech Republic,2.89,US
992,Marjie,Boole,mboolerj@tamu.edu,Female,127.100.65.195,China,3.49,US
993,Timmie,Pickover,tpickoverrk@google.co.uk,Male,1.113.214.111,Serbia,4.49,NL
994,Karlie,Clancy,kclancyrl@nifty.com,Bigender,187.41.97.27,Venezuela,1.99,DE
995,Van,Banke,vbankerm@epa.gov,Male,143.162.26.237,Thailand,45,NL
996,Peggy,Passe,ppassern@about.com,Female,84.29.107.251,Russia,4.29,DE
997,Olivie,Szach,oszachro@answers.com,Female,136.14.73.176,Bangladesh,2.99,IT
998,Glenda,Wellington,gwellingtonrp@amazon.co.jp,Genderqueer,166.157.66.209,China,3.99,AT
999,Clemmie,Easum,ceasumrq@dailymail.co.uk,Male,34.100.141.181,Israel,29.99,DE
1000,Corrine,Oxborrow,coxborrowrr@smugmug.com,Female,47.201.95.226,Pakistan,24.99,AT
